seq_id,protein_sequence,data_source,mutations,label
31439,MQRAVSVVARLGFRLQAFPPALCRPLSCAQEVLRRTPLYDFHLAHGGKMVAFAGWSLPVQYRDSHTDSHLHTRQHCSLFDVSHMLQTKILGSDRVKLMESLVVGDIAELRPNQGTLSLFTNEAGGILDDLIVTNTSEGHLYVVSNTGCWEKDLALMQDKVRELQNQGRDVGLEVLDNALLALQGPTAAQVLQAGVADDLRKLPFMTSAVMEVFGVSGCRVTRCGYTGEDGVEISVPVAGAVHLATAILKNPEVKLAGLAARDSLRLEAGLCLYGNDIDEHTTPVEGSLSWTLGKRRRAAMDFPGAKVIVPQLKGRVQRRRVGLMCEGAPMRAHSPILNMEGTKIGTVTSGCPSPSLKKNVAMGYVPCEYSRPGTMLLVEVRRKQQMAVVSKMPFVPTNYYTLK,Monica,A146T,1
31440,MQRAVSVVARLGFRLQAFPPALCRPLSCAQEVLRRTPLYDFHLAHGGKMVAFAGWSLPVQYRDSHTDSHLHTRQHCSLFDVSHMLQTKILGSDRVKLMESLVVGDIAELRPNQGTLSLFTNEAGGILDDLIVTNTSEGHLYVVSNAGFWEKDLALMQDKVRELQNQGRDVGLEVLDNALLALQGPTAAQVLQAGVADDLRKLPFMTSAVMEVFGVSGCRVTRCGYTGEDGVEISVPVAGAVHLATAILKNPEVKLAGLAARDSLRLEAGLCLYGNDIDEHTTPVEGSLSWTLGKRRRAAMDFPGAKVIVPQLKGRVQRRRVGLMCEGAPMRAHSPILNMEGTKIGTVTSGCPSPSLKKNVAMGYVPCEYSRPGTMLLVEVRRKQQMAVVSKMPFVPTNYYTLK,Monica,C148F,1
31441,MQRAVSVVARLGFRLQAFPPALCRPLSCAQEVLRRTPLYDFHLAHGGKMVAFAGWSLPVQYRDSHTDSHLHTRQHCSLFDVSHMLQTKILGSDRVKLMESLVVGDIAELRPNQGTLSLFTNEAGGILDDLIVTNTSEGHLYVVSNAGCWEKDLAFMQDKVRELQNQGRDVGLEVLDNALLALQGPTAAQVLQAGVADDLRKLPFMTSAVMEVFGVSGCRVTRCGYTGEDGVEISVPVAGAVHLATAILKNPEVKLAGLAARDSLRLEAGLCLYGNDIDEHTTPVEGSLSWTLGKRRRAAMDFPGAKVIVPQLKGRVQRRRVGLMCEGAPMRAHSPILNMEGTKIGTVTSGCPSPSLKKNVAMGYVPCEYSRPGTMLLVEVRRKQQMAVVSKMPFVPTNYYTLK,Monica,L155F,0
31442,MQRAVSVVARLGFRLQAFPPALCRPLSCAQEVLRRTPLYDFHLAHGGKMVAFAGWSLPVQYRDSHTDSHLHTRQHCSLFDVSHMLQTKILGSDRVKLMESLVVGDIAELRPNQGTLSLFTNEAGGILDDLIVTNTSEGHLYVVSNAGCWEKDLALTQDKVRELQNQGRDVGLEVLDNALLALQGPTAAQVLQAGVADDLRKLPFMTSAVMEVFGVSGCRVTRCGYTGEDGVEISVPVAGAVHLATAILKNPEVKLAGLAARDSLRLEAGLCLYGNDIDEHTTPVEGSLSWTLGKRRRAAMDFPGAKVIVPQLKGRVQRRRVGLMCEGAPMRAHSPILNMEGTKIGTVTSGCPSPSLKKNVAMGYVPCEYSRPGTMLLVEVRRKQQMAVVSKMPFVPTNYYTLK,Monica,M156T,1
31443,MQRAVSVVARLGFRLQAFPPALCRPLSCAQEVLRRTPLYDFHLAHGGKMVAFAGWSLPVQYRDSHTDSHLHTRQHCSLFDVSHMLQTKILGSDRVKLMESLVVGDIAELRPNQGTLSLFTNEAGGILDDLIVTNTSEGHLYVVSNAGCWEKDLALMQDRVRELQNQGRDVGLEVLDNALLALQGPTAAQVLQAGVADDLRKLPFMTSAVMEVFGVSGCRVTRCGYTGEDGVEISVPVAGAVHLATAILKNPEVKLAGLAARDSLRLEAGLCLYGNDIDEHTTPVEGSLSWTLGKRRRAAMDFPGAKVIVPQLKGRVQRRRVGLMCEGAPMRAHSPILNMEGTKIGTVTSGCPSPSLKKNVAMGYVPCEYSRPGTMLLVEVRRKQQMAVVSKMPFVPTNYYTLK,Monica,K159R,0
31444,MQRAVSVVARLGFRLQAFPPALCRPLSCAQEVLRRTPLYDFHLAHGGKMVAFAGWSLPVQYRDSHTDSHLHTRQHCSLFDVSHMLQTKILGSDRVKLMESLVVGDIAELRPNQGTLSLFTNEAGGILDDLIVTNTSEGHLYVVSNAGCWEKDLALMQDKVRELQNQGTDVGLEVLDNALLALQGPTAAQVLQAGVADDLRKLPFMTSAVMEVFGVSGCRVTRCGYTGEDGVEISVPVAGAVHLATAILKNPEVKLAGLAARDSLRLEAGLCLYGNDIDEHTTPVEGSLSWTLGKRRRAAMDFPGAKVIVPQLKGRVQRRRVGLMCEGAPMRAHSPILNMEGTKIGTVTSGCPSPSLKKNVAMGYVPCEYSRPGTMLLVEVRRKQQMAVVSKMPFVPTNYYTLK,Monica,R168T,0
31445,MQRAVSVVARLGFRLQAFPPALCRPLSCAQEVLRRTPLYDFHLAHGGKMVAFAGWSLPVQYRDSHTDSHLHTRQHCSLFDVSHMLQTKILGSDRVKLMESLVVGDIAELRPNQGTLSLFTNEAGGILDDLIVTNTSEGHLYVVSNAGCWEKDLALMQDKVRELQNQGRDVGPEVLDNALLALQGPTAAQVLQAGVADDLRKLPFMTSAVMEVFGVSGCRVTRCGYTGEDGVEISVPVAGAVHLATAILKNPEVKLAGLAARDSLRLEAGLCLYGNDIDEHTTPVEGSLSWTLGKRRRAAMDFPGAKVIVPQLKGRVQRRRVGLMCEGAPMRAHSPILNMEGTKIGTVTSGCPSPSLKKNVAMGYVPCEYSRPGTMLLVEVRRKQQMAVVSKMPFVPTNYYTLK,Monica,L172P,1
31446,MQRAVSVVARLGFRLQAFPPALCRPLSCAQEVLRRTPLYDFHLAHGGKMVAFAGWSLPVQYRDSHTDSHLHTRQHCSLFDVSHMLQTKILGSDRVKLMESLVVGDIAELRPNQGTLSLFTNEAGGILDDLIVTNTSEGHLYVVSNAGCWEKDLALMQDKVRELQNQGRDVGLEVLDDALLALQGPTAAQVLQAGVADDLRKLPFMTSAVMEVFGVSGCRVTRCGYTGEDGVEISVPVAGAVHLATAILKNPEVKLAGLAARDSLRLEAGLCLYGNDIDEHTTPVEGSLSWTLGKRRRAAMDFPGAKVIVPQLKGRVQRRRVGLMCEGAPMRAHSPILNMEGTKIGTVTSGCPSPSLKKNVAMGYVPCEYSRPGTMLLVEVRRKQQMAVVSKMPFVPTNYYTLK,Monica,N177D,0
31447,MQRAVSVVARLGFRLQAFPPALCRPLSCAQEVLRRTPLYDFHLAHGGKMVAFAGWSLPVQYRDSHTDSHLHTRQHCSLFDVSHMLQTKILGSDRVKLMESLVVGDIAELRPNQGTLSLFTNEAGGILDDLIVTNTSEGHLYVVSNAGCWEKDLALMQDKVRELQNQGRDVGLEVLDNALLALQGPTAAPVLQAGVADDLRKLPFMTSAVMEVFGVSGCRVTRCGYTGEDGVEISVPVAGAVHLATAILKNPEVKLAGLAARDSLRLEAGLCLYGNDIDEHTTPVEGSLSWTLGKRRRAAMDFPGAKVIVPQLKGRVQRRRVGLMCEGAPMRAHSPILNMEGTKIGTVTSGCPSPSLKKNVAMGYVPCEYSRPGTMLLVEVRRKQQMAVVSKMPFVPTNYYTLK,Monica,Q189P,0
31448,MQRAVSVVARLGFRLQAFPPALCRPLSCAQEVLRRTPLYDFHLAHGGKMVAFAGWSLPVQYRDSHTDSHLHTRQHCSLFDVSHMLQTKILGSDRVKLMESLVVGDIAELRPNQGTLSLFTNEAGGILDDLIVTNTSEGHLYVVSNAGCWEKDLALMQDKVRELQNQGRDVGLEVLDNALLALQGPTAAQVLQAGAADDLRKLPFMTSAVMEVFGVSGCRVTRCGYTGEDGVEISVPVAGAVHLATAILKNPEVKLAGLAARDSLRLEAGLCLYGNDIDEHTTPVEGSLSWTLGKRRRAAMDFPGAKVIVPQLKGRVQRRRVGLMCEGAPMRAHSPILNMEGTKIGTVTSGCPSPSLKKNVAMGYVPCEYSRPGTMLLVEVRRKQQMAVVSKMPFVPTNYYTLK,Monica,V195A,0
31449,MQRAVSVVARLGFRLQAFPPALCRPLSCAQEVLRRTPLYDFHLAHGGKMVAFAGWSLPVQYRDSHTDSHLHTRQHCSLFDVSHMLQTKILGSDRVKLMESLVVGDIAELRPNQGTLSLFTNEAGGILDDLIVTNTSEGHLYVVSNAGCWEKDLALMQDKVRELQNQGRDVGLEVLDNALLALQGPTAAQVLQAGMADDLRKLPFMTSAVMEVFGVSGCRVTRCGYTGEDGVEISVPVAGAVHLATAILKNPEVKLAGLAARDSLRLEAGLCLYGNDIDEHTTPVEGSLSWTLGKRRRAAMDFPGAKVIVPQLKGRVQRRRVGLMCEGAPMRAHSPILNMEGTKIGTVTSGCPSPSLKKNVAMGYVPCEYSRPGTMLLVEVRRKQQMAVVSKMPFVPTNYYTLK,Monica,V195M,0
31450,MQRAVSVVARLGFRLQAFPPALCRPLSCAQEVLRRTPLYDFHLAHGGKMVAFAGWSLPVQYRDSHTDSHLHTRQHCSLFDVSHMLQTKILGSDRVKLMESLVVGDIAELRPNQGTLSLFTNEAGGILDDLIVTNTSEGHLYVVSNAGCWEKDLALMQDKVRELQNQGRDVGLEVLDNALLALQGPTAAQVLQAGVAHDLRKLPFMTSAVMEVFGVSGCRVTRCGYTGEDGVEISVPVAGAVHLATAILKNPEVKLAGLAARDSLRLEAGLCLYGNDIDEHTTPVEGSLSWTLGKRRRAAMDFPGAKVIVPQLKGRVQRRRVGLMCEGAPMRAHSPILNMEGTKIGTVTSGCPSPSLKKNVAMGYVPCEYSRPGTMLLVEVRRKQQMAVVSKMPFVPTNYYTLK,Monica,D197H,0
31451,MQRAVSVVARLGFRLQAFPPALCRPLSCAQEVLRRTPLYDFHLAHGGKMVAFAGWSLPVQYRDSHTDSHLHTRQHCSLFDVSHMLQTKILGSDRVKLMESLVVGDIAELRPNQGTLSLFTNEAGGILDDLIVTNTSEGHLYVVSNAGCWEKDLALMQDKVRELQNQGRDVGLEVLDNALLALQGPTAAQVLQAGVANDLRKLPFMTSAVMEVFGVSGCRVTRCGYTGEDGVEISVPVAGAVHLATAILKNPEVKLAGLAARDSLRLEAGLCLYGNDIDEHTTPVEGSLSWTLGKRRRAAMDFPGAKVIVPQLKGRVQRRRVGLMCEGAPMRAHSPILNMEGTKIGTVTSGCPSPSLKKNVAMGYVPCEYSRPGTMLLVEVRRKQQMAVVSKMPFVPTNYYTLK,Monica,D197N,0
31452,MQRAVSVVARLGFRLQAFPPALCRPLSCAQEVLRRTPLYDFHLAHGGKMVAFAGWSLPVQYRDSHTDSHLHTRQHCSLFDVSHMLQTKILGSDRVKLMESLVVGDIAELRPNQGTLSLFTNEAGGILDDLIVTNTSEGHLYVVSNAGCWEKDLALMQDKVRELQNQGRDVGLEVLDNALLALQGPTAAQVLQAGVADVLRKLPFMTSAVMEVFGVSGCRVTRCGYTGEDGVEISVPVAGAVHLATAILKNPEVKLAGLAARDSLRLEAGLCLYGNDIDEHTTPVEGSLSWTLGKRRRAAMDFPGAKVIVPQLKGRVQRRRVGLMCEGAPMRAHSPILNMEGTKIGTVTSGCPSPSLKKNVAMGYVPCEYSRPGTMLLVEVRRKQQMAVVSKMPFVPTNYYTLK,Monica,D198V,1
31453,MQRAVSVVARLGFRLQAFPPALCRPLSCAQEVLRRTPLYDFHLAHGGKMVAFAGWSLPVQYRDSHTDSHLHTRQHCSLFDVSHMLQTKILGSDRVKLMESLVVGDIAELRPNQGTLSLFTNEAGGILDDLIVTNTSEGHLYVVSNAGCWEKDLALMQDKVRELQNQGRDVGLEVLDNALLALQGPTAAQVLQAGVADDLRKLPFVTSAVMEVFGVSGCRVTRCGYTGEDGVEISVPVAGAVHLATAILKNPEVKLAGLAARDSLRLEAGLCLYGNDIDEHTTPVEGSLSWTLGKRRRAAMDFPGAKVIVPQLKGRVQRRRVGLMCEGAPMRAHSPILNMEGTKIGTVTSGCPSPSLKKNVAMGYVPCEYSRPGTMLLVEVRRKQQMAVVSKMPFVPTNYYTLK,Monica,M205V,1
31454,MQRAVSVVARLGFRLQAFPPALCRPLSCAQEVLRRTPLYDFHLAHGGKMVAFAGWSLPVQYRDSHTDSHLHTRQHCSLFDVSHMLQTKILGSDRVKLMESLVVGDIAELRPNQGTLSLFTNEAGGILDDLIVTNTSEGHLYVVSNAGCWEKDLALMQDKVRELQNQGRDVGLEVLDNALLALQGPTAAQVLQAGVADDLRKLPFRTSAVMEVFGVSGCRVTRCGYTGEDGVEISVPVAGAVHLATAILKNPEVKLAGLAARDSLRLEAGLCLYGNDIDEHTTPVEGSLSWTLGKRRRAAMDFPGAKVIVPQLKGRVQRRRVGLMCEGAPMRAHSPILNMEGTKIGTVTSGCPSPSLKKNVAMGYVPCEYSRPGTMLLVEVRRKQQMAVVSKMPFVPTNYYTLK,Monica,M205R,1
31455,MQRAVSVVARLGFRLQAFPPALCRPLSCAQEVLRRTPLYDFHLAHGGKMVAFAGWSLPVQYRDSHTDSHLHTRQHCSLFDVSHMLQTKILGSDRVKLMESLVVGDIAELRPNQGTLSLFTNEAGGILDDLIVTNTSEGHLYVVSNAGCWEKDLALMQDKVRELQNQGRDVGLEVLDNALLALQGPTAAQVLQAGVADDLRKLPFMTSAMMEVFGVSGCRVTRCGYTGEDGVEISVPVAGAVHLATAILKNPEVKLAGLAARDSLRLEAGLCLYGNDIDEHTTPVEGSLSWTLGKRRRAAMDFPGAKVIVPQLKGRVQRRRVGLMCEGAPMRAHSPILNMEGTKIGTVTSGCPSPSLKKNVAMGYVPCEYSRPGTMLLVEVRRKQQMAVVSKMPFVPTNYYTLK,Monica,V209M,0
31456,MQRAVSVVARLGFRLQAFPPALCRPLSCAQEVLRRTPLYDFHLAHGGKMVAFAGWSLPVQYRDSHTDSHLHTRQHCSLFDVSHMLQTKILGSDRVKLMESLVVGDIAELRPNQGTLSLFTNEAGGILDDLIVTNTSEGHLYVVSNAGCWEKDLALMQDKVRELQNQGRDVGLEVLDNALLALQGPTAAQVLQAGVADDLRKLPFMTSAVMKVFGVSGCRVTRCGYTGEDGVEISVPVAGAVHLATAILKNPEVKLAGLAARDSLRLEAGLCLYGNDIDEHTTPVEGSLSWTLGKRRRAAMDFPGAKVIVPQLKGRVQRRRVGLMCEGAPMRAHSPILNMEGTKIGTVTSGCPSPSLKKNVAMGYVPCEYSRPGTMLLVEVRRKQQMAVVSKMPFVPTNYYTLK,Monica,E211K,0
31457,MQRAVSVVARLGFRLQAFPPALCRPLSCAQEVLRRTPLYDFHLAHGGKMVAFAGWSLPVQYRDSHTDSHLHTRQHCSLFDVSHMLQTKILGSDRVKLMESLVVGDIAELRPNQGTLSLFTNEAGGILDDLIVTNTSEGHLYVVSNAGCWEKDLALMQDKVRELQNQGRDVGLEVLDNALLALQGPTAAQVLQAGVADDLRKLPFMTSAVMEAFGVSGCRVTRCGYTGEDGVEISVPVAGAVHLATAILKNPEVKLAGLAARDSLRLEAGLCLYGNDIDEHTTPVEGSLSWTLGKRRRAAMDFPGAKVIVPQLKGRVQRRRVGLMCEGAPMRAHSPILNMEGTKIGTVTSGCPSPSLKKNVAMGYVPCEYSRPGTMLLVEVRRKQQMAVVSKMPFVPTNYYTLK,Monica,V212A,1
31458,MQRAVSVVARLGFRLQAFPPALCRPLSCAQEVLRRTPLYDFHLAHGGKMVAFAGWSLPVQYRDSHTDSHLHTRQHCSLFDVSHMLQTKILGSDRVKLMESLVVGDIAELRPNQGTLSLFTNEAGGILDDLIVTNTSEGHLYVVSNAGCWEKDLALMQDKVRELQNQGRDVGLEVLDNALLALQGPTAAQVLQAGVADDLRKLPFMTSAVMEVCGVSGCRVTRCGYTGEDGVEISVPVAGAVHLATAILKNPEVKLAGLAARDSLRLEAGLCLYGNDIDEHTTPVEGSLSWTLGKRRRAAMDFPGAKVIVPQLKGRVQRRRVGLMCEGAPMRAHSPILNMEGTKIGTVTSGCPSPSLKKNVAMGYVPCEYSRPGTMLLVEVRRKQQMAVVSKMPFVPTNYYTLK,Monica,F213C,0
31459,MQRAVSVVARLGFRLQAFPPALCRPLSCAQEVLRRTPLYDFHLAHGGKMVAFAGWSLPVQYRDSHTDSHLHTRQHCSLFDVSHMLQTKILGSDRVKLMESLVVGDIAELRPNQGTLSLFTNEAGGILDDLIVTNTSEGHLYVVSNAGCWEKDLALMQDKVRELQNQGRDVGLEVLDNALLALQGPTAAQVLQAGVADDLRKLPFMTSAVMEVFGMSGCRVTRCGYTGEDGVEISVPVAGAVHLATAILKNPEVKLAGLAARDSLRLEAGLCLYGNDIDEHTTPVEGSLSWTLGKRRRAAMDFPGAKVIVPQLKGRVQRRRVGLMCEGAPMRAHSPILNMEGTKIGTVTSGCPSPSLKKNVAMGYVPCEYSRPGTMLLVEVRRKQQMAVVSKMPFVPTNYYTLK,Monica,V215M,0
31460,MQRAVSVVARLGFRLQAFPPALCRPLSCAQEVLRRTPLYDFHLAHGGKMVAFAGWSLPVQYRDSHTDSHLHTRQHCSLFDVSHMLQTKILGSDRVKLMESLVVGDIAELRPNQGTLSLFTNEAGGILDDLIVTNTSEGHLYVVSNAGCWEKDLALMQDKVRELQNQGRDVGLEVLDNALLALQGPTAAQVLQAGVADDLRKLPFMTSAVMEVFGLSGCRVTRCGYTGEDGVEISVPVAGAVHLATAILKNPEVKLAGLAARDSLRLEAGLCLYGNDIDEHTTPVEGSLSWTLGKRRRAAMDFPGAKVIVPQLKGRVQRRRVGLMCEGAPMRAHSPILNMEGTKIGTVTSGCPSPSLKKNVAMGYVPCEYSRPGTMLLVEVRRKQQMAVVSKMPFVPTNYYTLK,Monica,V215L,0
31461,MQRAVSVVARLGFRLQAFPPALCRPLSCAQEVLRRTPLYDFHLAHGGKMVAFAGWSLPVQYRDSHTDSHLHTRQHCSLFDVSHMLQTKILGSDRVKLMESLVVGDIAELRPNQGTLSLFTNEAGGILDDLIVTNTSEGHLYVVSNAGCWEKDLALMQDKVRELQNQGRDVGLEVLDNALLALQGPTAAQVLQAGVADDLRKLPFMTSAVMEVFGVSGCHVTRCGYTGEDGVEISVPVAGAVHLATAILKNPEVKLAGLAARDSLRLEAGLCLYGNDIDEHTTPVEGSLSWTLGKRRRAAMDFPGAKVIVPQLKGRVQRRRVGLMCEGAPMRAHSPILNMEGTKIGTVTSGCPSPSLKKNVAMGYVPCEYSRPGTMLLVEVRRKQQMAVVSKMPFVPTNYYTLK,Monica,R219H,0
31462,MQRAVSVVARLGFRLQAFPPALCRPLSCAQEVLRRTPLYDFHLAHGGKMVAFAGWSLPVQYRDSHTDSHLHTRQHCSLFDVSHMLQTKILGSDRVKLMESLVVGDIAELRPNQGTLSLFTNEAGGILDDLIVTNTSEGHLYVVSNAGCWEKDLALMQDKVRELQNQGRDVGLEVLDNALLALQGPTAAQVLQAGVADDLRKLPFMTSAVMEVFGVSGCRMTRCGYTGEDGVEISVPVAGAVHLATAILKNPEVKLAGLAARDSLRLEAGLCLYGNDIDEHTTPVEGSLSWTLGKRRRAAMDFPGAKVIVPQLKGRVQRRRVGLMCEGAPMRAHSPILNMEGTKIGTVTSGCPSPSLKKNVAMGYVPCEYSRPGTMLLVEVRRKQQMAVVSKMPFVPTNYYTLK,Monica,V220M,0
31463,MQRAVSVVARLGFRLQAFPPALCRPLSCAQEVLRRTPLYDFHLAHGGKMVAFAGWSLPVQYRDSHTDSHLHTRQHCSLFDVSHMLQTKILGSDRVKLMESLVVGDIAELRPNQGTLSLFTNEAGGILDDLIVTNTSEGHLYVVSNAGCWEKDLALMQDKVRELQNQGRDVGLEVLDNALLALQGPTAAQVLQAGVADDLRKLPFMTSAVMEVFGVSGCRVTSCGYTGEDGVEISVPVAGAVHLATAILKNPEVKLAGLAARDSLRLEAGLCLYGNDIDEHTTPVEGSLSWTLGKRRRAAMDFPGAKVIVPQLKGRVQRRRVGLMCEGAPMRAHSPILNMEGTKIGTVTSGCPSPSLKKNVAMGYVPCEYSRPGTMLLVEVRRKQQMAVVSKMPFVPTNYYTLK,Monica,R222S,1
31464,MQRAVSVVARLGFRLQAFPPALCRPLSCAQEVLRRTPLYDFHLAHGGKMVAFAGWSLPVQYRDSHTDSHLHTRQHCSLFDVSHMLQTKILGSDRVKLMESLVVGDIAELRPNQGTLSLFTNEAGGILDDLIVTNTSEGHLYVVSNAGCWEKDLALMQDKVRELQNQGRDVGLEVLDNALLALQGPTAAQVLQAGVADDLRKLPFMTSAVMEVFGVSGCRVTHCGYTGEDGVEISVPVAGAVHLATAILKNPEVKLAGLAARDSLRLEAGLCLYGNDIDEHTTPVEGSLSWTLGKRRRAAMDFPGAKVIVPQLKGRVQRRRVGLMCEGAPMRAHSPILNMEGTKIGTVTSGCPSPSLKKNVAMGYVPCEYSRPGTMLLVEVRRKQQMAVVSKMPFVPTNYYTLK,Monica,R222H,1
31465,MQRAVSVVARLGFRLQAFPPALCRPLSCAQEVLRRTPLYDFHLAHGGKMVAFAGWSLPVQYRDSHTDSHLHTRQHCSLFDVSHMLQTKILGSDRVKLMESLVVGDIAELRPNQGTLSLFTNEAGGILDDLIVTNTSEGHLYVVSNAGCWEKDLALMQDKVRELQNQGRDVGLEVLDNALLALQGPTAAQVLQAGVADDLRKLPFMTSAVMEVFGVSGCRVTLCGYTGEDGVEISVPVAGAVHLATAILKNPEVKLAGLAARDSLRLEAGLCLYGNDIDEHTTPVEGSLSWTLGKRRRAAMDFPGAKVIVPQLKGRVQRRRVGLMCEGAPMRAHSPILNMEGTKIGTVTSGCPSPSLKKNVAMGYVPCEYSRPGTMLLVEVRRKQQMAVVSKMPFVPTNYYTLK,Monica,R222L,1
31466,MQRAVSVVARLGFRLQAFPPALCRPLSCAQEVLRRTPLYDFHLAHGGKMVAFAGWSLPVQYRDSHTDSHLHTRQHCSLFDVSHMLQTKILGSDRVKLMESLVVGDIAELRPNQGTLSLFTNEAGGILDDLIVTNTSEGHLYVVSNAGCWEKDLALMQDKVRELQNQGRDVGLEVLDNALLALQGPTAAQVLQAGVADDLRKLPFMTSAVMEVFGVSGCRVTCCGYTGEDGVEISVPVAGAVHLATAILKNPEVKLAGLAARDSLRLEAGLCLYGNDIDEHTTPVEGSLSWTLGKRRRAAMDFPGAKVIVPQLKGRVQRRRVGLMCEGAPMRAHSPILNMEGTKIGTVTSGCPSPSLKKNVAMGYVPCEYSRPGTMLLVEVRRKQQMAVVSKMPFVPTNYYTLK,Monica,R222C,1
31467,MQRAVSVVARLGFRLQAFPPALCRPLSCAQEVLRRTPLYDFHLAHGGKMVAFAGWSLPVQYRDSHTDSHLHTRQHCSLFDVSHMLQTKILGSDRVKLMESLVVGDIAELRPNQGTLSLFTNEAGGILDDLIVTNTSEGHLYVVSNAGCWEKDLALMQDKVRELQNQGRDVGLEVLDNALLALQGPTAAQVLQAGVADDLRKLPFMTSAVMEVFGVSGCRVTRCGCTGEDGVEISVPVAGAVHLATAILKNPEVKLAGLAARDSLRLEAGLCLYGNDIDEHTTPVEGSLSWTLGKRRRAAMDFPGAKVIVPQLKGRVQRRRVGLMCEGAPMRAHSPILNMEGTKIGTVTSGCPSPSLKKNVAMGYVPCEYSRPGTMLLVEVRRKQQMAVVSKMPFVPTNYYTLK,Monica,Y225C,1
31468,MQRAVSVVARLGFRLQAFPPALCRPLSCAQEVLRRTPLYDFHLAHGGKMVAFAGWSLPVQYRDSHTDSHLHTRQHCSLFDVSHMLQTKILGSDRVKLMESLVVGDIAELRPNQGTLSLFTNEAGGILDDLIVTNTSEGHLYVVSNAGCWEKDLALMQDKVRELQNQGRDVGLEVLDNALLALQGPTAAQVLQAGVADDLRKLPFMTSAVMEVFGVSGCRVTRCGYIGEDGVEISVPVAGAVHLATAILKNPEVKLAGLAARDSLRLEAGLCLYGNDIDEHTTPVEGSLSWTLGKRRRAAMDFPGAKVIVPQLKGRVQRRRVGLMCEGAPMRAHSPILNMEGTKIGTVTSGCPSPSLKKNVAMGYVPCEYSRPGTMLLVEVRRKQQMAVVSKMPFVPTNYYTLK,Monica,T226I,1
31469,MQRAVSVVARLGFRLQAFPPALCRPLSCAQEVLRRTPLYDFHLAHGGKMVAFAGWSLPVQYRDSHTDSHLHTRQHCSLFDVSHMLQTKILGSDRVKLMESLVVGDIAELRPNQGTLSLFTNEAGGILDDLIVTNTSEGHLYVVSNAGCWEKDLALMQDKVRELQNQGRDVGLEVLDNALLALQGPTAAQVLQAGVADDLRKLPFMTSAVMEVFGVSGCRVTRCGYTGEHGVEISVPVAGAVHLATAILKNPEVKLAGLAARDSLRLEAGLCLYGNDIDEHTTPVEGSLSWTLGKRRRAAMDFPGAKVIVPQLKGRVQRRRVGLMCEGAPMRAHSPILNMEGTKIGTVTSGCPSPSLKKNVAMGYVPCEYSRPGTMLLVEVRRKQQMAVVSKMPFVPTNYYTLK,Monica,D229H,1
31470,MQRAVSVVARLGFRLQAFPPALCRPLSCAQEVLRRTPLYDFHLAHGGKMVAFAGWSLPVQYRDSHTDSHLHTRQHCSLFDVSHMLQTKILGSDRVKLMESLVVGDIAELRPNQGTLSLFTNEAGGILDDLIVTNTSEGHLYVVSNAGCWEKDLALMQDKVRELQNQGRDVGLEVLDNALLALQGPTAAQVLQAGVADDLRKLPFMTSAVMEVFGVSGCRVTRCGYTGEDGVEILVPVAGAVHLATAILKNPEVKLAGLAARDSLRLEAGLCLYGNDIDEHTTPVEGSLSWTLGKRRRAAMDFPGAKVIVPQLKGRVQRRRVGLMCEGAPMRAHSPILNMEGTKIGTVTSGCPSPSLKKNVAMGYVPCEYSRPGTMLLVEVRRKQQMAVVSKMPFVPTNYYTLK,Monica,S234L,1
31471,MQRAVSVVARLGFRLQAFPPALCRPLSCAQEVLRRTPLYDFHLAHGGKMVAFAGWSLPVQYRDSHTDSHLHTRQHCSLFDVSHMLQTKILGSDRVKLMESLVVGDIAELRPNQGTLSLFTNEAGGILDDLIVTNTSEGHLYVVSNAGCWEKDLALMQDKVRELQNQGRDVGLEVLDNALLALQGPTAAQVLQAGVADDLRKLPFMTSAVMEVFGVSGCRVTRCGYTGEDGVEISVPVVGAVHLATAILKNPEVKLAGLAARDSLRLEAGLCLYGNDIDEHTTPVEGSLSWTLGKRRRAAMDFPGAKVIVPQLKGRVQRRRVGLMCEGAPMRAHSPILNMEGTKIGTVTSGCPSPSLKKNVAMGYVPCEYSRPGTMLLVEVRRKQQMAVVSKMPFVPTNYYTLK,Monica,A238V,0
31472,MQRAVSVVARLGFRLQAFPPALCRPLSCAQEVLRRTPLYDFHLAHGGKMVAFAGWSLPVQYRDSHTDSHLHTRQHCSLFDVSHMLQTKILGSDRVKLMESLVVGDIAELRPNQGTLSLFTNEAGGILDDLIVTNTSEGHLYVVSNAGCWEKDLALMQDKVRELQNQGRDVGLEVLDNALLALQGPTAAQVLQAGVADDLRKLPFMTSAVMEVFGVSGCRVTRCGYTGEDGVEISVPVAGVVHLATAILKNPEVKLAGLAARDSLRLEAGLCLYGNDIDEHTTPVEGSLSWTLGKRRRAAMDFPGAKVIVPQLKGRVQRRRVGLMCEGAPMRAHSPILNMEGTKIGTVTSGCPSPSLKKNVAMGYVPCEYSRPGTMLLVEVRRKQQMAVVSKMPFVPTNYYTLK,Monica,A240V,0
31473,MQRAVSVVARLGFRLQAFPPALCRPLSCAQEVLRRTPLYDFHLAHGGKMVAFAGWSLPVQYRDSHTDSHLHTRQHCSLFDVSHMLQTKILGSDRVKLMESLVVGDIAELRPNQGTLSLFTNEAGGILDDLIVTNTSEGHLYVVSNAGCWEKDLALMQDKVRELQNQGRDVGLEVLDNALLALQGPTAAQVLQAGVADDLRKLPFMTSAVMEVFGVSGCRVTRCGYTGEDGVEISVPVAGAIHLATAILKNPEVKLAGLAARDSLRLEAGLCLYGNDIDEHTTPVEGSLSWTLGKRRRAAMDFPGAKVIVPQLKGRVQRRRVGLMCEGAPMRAHSPILNMEGTKIGTVTSGCPSPSLKKNVAMGYVPCEYSRPGTMLLVEVRRKQQMAVVSKMPFVPTNYYTLK,Monica,V241I,0
31474,MQRAVSVVARLGFRLQAFPPALCRPLSCAQEVLRRTPLYDFHLAHGGKMVAFAGWSLPVQYRDSHTDSHLHTRQHCSLFDVSHMLQTKILGSDRVKLMESLVVGDIAELRPNQGTLSLFTNEAGGILDDLIVTNTSEGHLYVVSNAGCWEKDLALMQDKVRELQNQGRDVGLEVLDNALLALQGPTAAQVLQAGVADDLRKLPFMTSAVMEVFGVSGCRVTRCGYTGEDGVEISVPVAGAVHMATAILKNPEVKLAGLAARDSLRLEAGLCLYGNDIDEHTTPVEGSLSWTLGKRRRAAMDFPGAKVIVPQLKGRVQRRRVGLMCEGAPMRAHSPILNMEGTKIGTVTSGCPSPSLKKNVAMGYVPCEYSRPGTMLLVEVRRKQQMAVVSKMPFVPTNYYTLK,Monica,L243M,0
31475,MQRAVSVVARLGFRLQAFPPALCRPLSCAQEVLRRTPLYDFHLAHGGKMVAFAGWSLPVQYRDSHTDSHLHTRQHCSLFDVSHMLQTKILGSDRVKLMESLVVGDIAELRPNQGTLSLFTNEAGGILDDLIVTNTSEGHLYVVSNAGCWEKDLALMQDKVRELQNQGRDVGLEVLDNALLALQGPTAAQVLQAGVADDLRKLPFMTSAVMEVFGVSGCRVTRCGYTGEDGVEISVPVAGAVHLATAILKNREVKLAGLAARDSLRLEAGLCLYGNDIDEHTTPVEGSLSWTLGKRRRAAMDFPGAKVIVPQLKGRVQRRRVGLMCEGAPMRAHSPILNMEGTKIGTVTSGCPSPSLKKNVAMGYVPCEYSRPGTMLLVEVRRKQQMAVVSKMPFVPTNYYTLK,Monica,P251R,1
31476,MQRAVSVVARLGFRLQAFPPALCRPLSCAQEVLRRTPLYDFHLAHGGKMVAFAGWSLPVQYRDSHTDSHLHTRQHCSLFDVSHMLQTKILGSDRVKLMESLVVGDIAELRPNQGTLSLFTNEAGGILDDLIVTNTSEGHLYVVSNAGCWEKDLALMQDKVRELQNQGRDVGLEVLDNALLALQGPTAAQVLQAGVADDLRKLPFMTSAVMEVFGVSGCRVTRCGYTGEDGVEISVPVAGAVHLATAILKNPEVKLAGLAARDSLHLEAGLCLYGNDIDEHTTPVEGSLSWTLGKRRRAAMDFPGAKVIVPQLKGRVQRRRVGLMCEGAPMRAHSPILNMEGTKIGTVTSGCPSPSLKKNVAMGYVPCEYSRPGTMLLVEVRRKQQMAVVSKMPFVPTNYYTLK,Monica,R265H,1
31477,MQRAVSVVARLGFRLQAFPPALCRPLSCAQEVLRRTPLYDFHLAHGGKMVAFAGWSLPVQYRDSHTDSHLHTRQHCSLFDVSHMLQTKILGSDRVKLMESLVVGDIAELRPNQGTLSLFTNEAGGILDDLIVTNTSEGHLYVVSNAGCWEKDLALMQDKVRELQNQGRDVGLEVLDNALLALQGPTAAQVLQAGVADDLRKLPFMTSAVMEVFGVSGCRVTRCGYTGEDGVEISVPVAGAVHLATAILKNPEVKLAGLAARDSLCLEAGLCLYGNDIDEHTTPVEGSLSWTLGKRRRAAMDFPGAKVIVPQLKGRVQRRRVGLMCEGAPMRAHSPILNMEGTKIGTVTSGCPSPSLKKNVAMGYVPCEYSRPGTMLLVEVRRKQQMAVVSKMPFVPTNYYTLK,Monica,R265C,1
31478,MQRAVSVVARLGFRLQAFPPALCRPLSCAQEVLRRTPLYDFHLAHGGKMVAFAGWSLPVQYRDSHTDSHLHTRQHCSLFDVSHMLQTKILGSDRVKLMESLVVGDIAELRPNQGTLSLFTNEAGGILDDLIVTNTSEGHLYVVSNAGCWEKDLALMQDKVRELQNQGRDVGLEVLDNALLALQGPTAAQVLQAGVADDLRKLPFMTSAVMEVFGVSGCRVTRCGYTGEDGVEISVPVAGAVHLATAILKNPEVKLAGLAARDSLRPEAGLCLYGNDIDEHTTPVEGSLSWTLGKRRRAAMDFPGAKVIVPQLKGRVQRRRVGLMCEGAPMRAHSPILNMEGTKIGTVTSGCPSPSLKKNVAMGYVPCEYSRPGTMLLVEVRRKQQMAVVSKMPFVPTNYYTLK,Monica,L266P,1
31479,MQRAVSVVARLGFRLQAFPPALCRPLSCAQEVLRRTPLYDFHLAHGGKMVAFAGWSLPVQYRDSHTDSHLHTRQHCSLFDVSHMLQTKILGSDRVKLMESLVVGDIAELRPNQGTLSLFTNEAGGILDDLIVTNTSEGHLYVVSNAGCWEKDLALMQDKVRELQNQGRDVGLEVLDNALLALQGPTAAQVLQAGVADDLRKLPFMTSAVMEVFGVSGCRVTRCGYTGEDGVEISVPVAGAVHLATAILKNPEVKLAGLAARDSLRLEASLCLYGNDIDEHTTPVEGSLSWTLGKRRRAAMDFPGAKVIVPQLKGRVQRRRVGLMCEGAPMRAHSPILNMEGTKIGTVTSGCPSPSLKKNVAMGYVPCEYSRPGTMLLVEVRRKQQMAVVSKMPFVPTNYYTLK,Monica,G269S,1
31480,MQRAVSVVARLGFRLQAFPPALCRPLSCAQEVLRRTPLYDFHLAHGGKMVAFAGWSLPVQYRDSHTDSHLHTRQHCSLFDVSHMLQTKILGSDRVKLMESLVVGDIAELRPNQGTLSLFTNEAGGILDDLIVTNTSEGHLYVVSNAGCWEKDLALMQDKVRELQNQGRDVGLEVLDNALLALQGPTAAQVLQAGVADDLRKLPFMTSAVMEVFGVSGCRVTRCGYTGEDGVEISVPVAGAVHLATAILKNPEVKLAGLAARDSLRLEADLCLYGNDIDEHTTPVEGSLSWTLGKRRRAAMDFPGAKVIVPQLKGRVQRRRVGLMCEGAPMRAHSPILNMEGTKIGTVTSGCPSPSLKKNVAMGYVPCEYSRPGTMLLVEVRRKQQMAVVSKMPFVPTNYYTLK,Monica,G269D,1
31481,MQRAVSVVARLGFRLQAFPPALCRPLSCAQEVLRRTPLYDFHLAHGGKMVAFAGWSLPVQYRDSHTDSHLHTRQHCSLFDVSHMLQTKILGSDRVKLMESLVVGDIAELRPNQGTLSLFTNEAGGILDDLIVTNTSEGHLYVVSNAGCWEKDLALMQDKVRELQNQGRDVGLEVLDNALLALQGPTAAQVLQAGVADDLRKLPFMTSAVMEVFGVSGCRVTRCGYTGEDGVEISVPVAGAVHLATAILKNPEVKLAGLAARDSLRLEAGLCLYGKDIDEHTTPVEGSLSWTLGKRRRAAMDFPGAKVIVPQLKGRVQRRRVGLMCEGAPMRAHSPILNMEGTKIGTVTSGCPSPSLKKNVAMGYVPCEYSRPGTMLLVEVRRKQQMAVVSKMPFVPTNYYTLK,Monica,N275K,1
31482,MQRAVSVVARLGFRLQAFPPALCRPLSCAQEVLRRTPLYDFHLAHGGKMVAFAGWSLPVQYRDSHTDSHLHTRQHCSLFDVSHMLQTKILGSDRVKLMESLVVGDIAELRPNQGTLSLFTNEAGGILDDLIVTNTSEGHLYVVSNAGCWEKDLALMQDKVRELQNQGRDVGLEVLDNALLALQGPTAAQVLQAGVADDLRKLPFMTSAVMEVFGVSGCRVTRCGYTGEDGVEISVPVAGAVHLATAILKNPEVKLAGLAARDSLRLEAGLCLYGNHIDEHTTPVEGSLSWTLGKRRRAAMDFPGAKVIVPQLKGRVQRRRVGLMCEGAPMRAHSPILNMEGTKIGTVTSGCPSPSLKKNVAMGYVPCEYSRPGTMLLVEVRRKQQMAVVSKMPFVPTNYYTLK,Monica,D276H,1
31483,MQRAVSVVARLGFRLQAFPPALCRPLSCAQEVLRRTPLYDFHLAHGGKMVAFAGWSLPVQYRDSHTDSHLHTRQHCSLFDVSHMLQTKILGSDRVKLMESLVVGDIAELRPNQGTLSLFTNEAGGILDDLIVTNTSEGHLYVVSNAGCWEKDLALMQDKVRELQNQGRDVGLEVLDNALLALQGPTAAQVLQAGVADDLRKLPFMTSAVMEVFGVSGCRVTRCGYTGEDGVEISVPVAGAVHLATAILKNPEVKLAGLAARDSLRLEAGLCLYGNHIDEHTTPVEGSLSWTLGKRRRAAMDFPGAKVIVPQLKGRVQRRRVGLMCEGAPMRAHSPILNMEGTKIGTVTSGCPSPSLKKNVAMGYVPCEYSRPGTMLLVEVRRKQQMAVVSKMPFVPTNYYTLK,Monica,D276H,1
31484,MQRAVSVVARLGFRLQAFPPALCRPLSCAQEVLRRTPLYDFHLAHGGKMVAFAGWSLPVQYRDSHTDSHLHTRQHCSLFDVSHMLQTKILGSDRVKLMESLVVGDIAELRPNQGTLSLFTNEAGGILDDLIVTNTSEGHLYVVSNAGCWEKDLALMQDKVRELQNQGRDVGLEVLDNALLALQGPTAAQVLQAGVADDLRKLPFMTSAVMEVFGVSGCRVTRCGYTGEDGVEISVPVAGAVHLATAILKNPEVKLAGLAARDSLRLEAGLCLYGNDTDEHTTPVEGSLSWTLGKRRRAAMDFPGAKVIVPQLKGRVQRRRVGLMCEGAPMRAHSPILNMEGTKIGTVTSGCPSPSLKKNVAMGYVPCEYSRPGTMLLVEVRRKQQMAVVSKMPFVPTNYYTLK,Monica,I277T,1
31485,MQRAVSVVARLGFRLQAFPPALCRPLSCAQEVLRRTPLYDFHLAHGGKMVAFAGWSLPVQYRDSHTDSHLHTRQHCSLFDVSHMLQTKILGSDRVKLMESLVVGDIAELRPNQGTLSLFTNEAGGILDDLIVTNTSEGHLYVVSNAGCWEKDLALMQDKVRELQNQGRDVGLEVLDNALLALQGPTAAQVLQAGVADDLRKLPFMTSAVMEVFGVSGCRVTRCGYTGEDGVEISVPVAGAVHLATAILKNPEVKLAGLAARDSLRLEAGLCLYGNDNDEHTTPVEGSLSWTLGKRRRAAMDFPGAKVIVPQLKGRVQRRRVGLMCEGAPMRAHSPILNMEGTKIGTVTSGCPSPSLKKNVAMGYVPCEYSRPGTMLLVEVRRKQQMAVVSKMPFVPTNYYTLK,Monica,I277N,1
31486,MQRAVSVVARLGFRLQAFPPALCRPLSCAQEVLRRTPLYDFHLAHGGKMVAFAGWSLPVQYRDSHTDSHLHTRQHCSLFDVSHMLQTKILGSDRVKLMESLVVGDIAELRPNQGTLSLFTNEAGGILDDLIVTNTSEGHLYVVSNAGCWEKDLALMQDKVRELQNQGRDVGLEVLDNALLALQGPTAAQVLQAGVADDLRKLPFMTSAVMEVFGVSGCRVTRCGYTGEDGVEISVPVAGAVHLATAILKNPEVKLAGLAARDSLRLEAGLCLYGNDIDEHTTSVEGSLSWTLGKRRRAAMDFPGAKVIVPQLKGRVQRRRVGLMCEGAPMRAHSPILNMEGTKIGTVTSGCPSPSLKKNVAMGYVPCEYSRPGTMLLVEVRRKQQMAVVSKMPFVPTNYYTLK,Monica,P283S,1
31487,MQRAVSVVARLGFRLQAFPPALCRPLSCAQEVLRRTPLYDFHLAHGGKMVAFAGWSLPVQYRDSHTDSHLHTRQHCSLFDVSHMLQTKILGSDRVKLMESLVVGDIAELRPNQGTLSLFTNEAGGILDDLIVTNTSEGHLYVVSNAGCWEKDLALMQDKVRELQNQGRDVGLEVLDNALLALQGPTAAQVLQAGVADDLRKLPFMTSAVMEVFGVSGCRVTRCGYTGEDGVEISVPVAGAVHLATAILKNPEVKLAGLAARDSLRLEAGLCLYGNDIDEHTTPMEGSLSWTLGKRRRAAMDFPGAKVIVPQLKGRVQRRRVGLMCEGAPMRAHSPILNMEGTKIGTVTSGCPSPSLKKNVAMGYVPCEYSRPGTMLLVEVRRKQQMAVVSKMPFVPTNYYTLK,Monica,V284M,1
31488,MQRAVSVVARLGFRLQAFPPALCRPLSCAQEVLRRTPLYDFHLAHGGKMVAFAGWSLPVQYRDSHTDSHLHTRQHCSLFDVSHMLQTKILGSDRVKLMESLVVGDIAELRPNQGTLSLFTNEAGGILDDLIVTNTSEGHLYVVSNAGCWEKDLALMQDKVRELQNQGRDVGLEVLDNALLALQGPTAAQVLQAGVADDLRKLPFMTSAVMEVFGVSGCRVTRCGYTGEDGVEISVPVAGAVHLATAILKNPEVKLAGLAARDSLRLEAGLCLYGNDIDEHTTPVESSLSWTLGKRRRAAMDFPGAKVIVPQLKGRVQRRRVGLMCEGAPMRAHSPILNMEGTKIGTVTSGCPSPSLKKNVAMGYVPCEYSRPGTMLLVEVRRKQQMAVVSKMPFVPTNYYTLK,Monica,G286S,0
31489,MQRAVSVVARLGFRLQAFPPALCRPLSCAQEVLRRTPLYDFHLAHGGKMVAFAGWSLPVQYRDSHTDSHLHTRQHCSLFDVSHMLQTKILGSDRVKLMESLVVGDIAELRPNQGTLSLFTNEAGGILDDLIVTNTSEGHLYVVSNAGCWEKDLALMQDKVRELQNQGRDVGLEVLDNALLALQGPTAAQVLQAGVADDLRKLPFMTSAVMEVFGVSGCRVTRCGYTGEDGVEISVPVAGAVHLATAILKNPEVKLAGLAARDSLRLEAGLCLYGNDIDEHTTPVEDSLSWTLGKRRRAAMDFPGAKVIVPQLKGRVQRRRVGLMCEGAPMRAHSPILNMEGTKIGTVTSGCPSPSLKKNVAMGYVPCEYSRPGTMLLVEVRRKQQMAVVSKMPFVPTNYYTLK,Monica,G286D,1
31490,MQRAVSVVARLGFRLQAFPPALCRPLSCAQEVLRRTPLYDFHLAHGGKMVAFAGWSLPVQYRDSHTDSHLHTRQHCSLFDVSHMLQTKILGSDRVKLMESLVVGDIAELRPNQGTLSLFTNEAGGILDDLIVTNTSEGHLYVVSNAGCWEKDLALMQDKVRELQNQGRDVGLEVLDNALLALQGPTAAQVLQAGVADDLRKLPFMTSAVMEVFGVSGCRVTRCGYTGEDGVEISVPVAGAVHLATAILKNPEVKLAGLAARDSLRLEAGLCLYGNDIDEHTTPVEGSLSWTLGKCRRAAMDFPGAKVIVPQLKGRVQRRRVGLMCEGAPMRAHSPILNMEGTKIGTVTSGCPSPSLKKNVAMGYVPCEYSRPGTMLLVEVRRKQQMAVVSKMPFVPTNYYTLK,Monica,R295C,1
31491,MQRAVSVVARLGFRLQAFPPALCRPLSCAQEVLRRTPLYDFHLAHGGKMVAFAGWSLPVQYRDSHTDSHLHTRQHCSLFDVSHMLQTKILGSDRVKLMESLVVGDIAELRPNQGTLSLFTNEAGGILDDLIVTNTSEGHLYVVSNAGCWEKDLALMQDKVRELQNQGRDVGLEVLDNALLALQGPTAAQVLQAGVADDLRKLPFMTSAVMEVFGVSGCRVTRCGYTGEDGVEISVPVAGAVHLATAILKNPEVKLAGLAARDSLRLEAGLCLYGNDIDEHTTPVEGSLSWTLGKRHRAAMDFPGAKVIVPQLKGRVQRRRVGLMCEGAPMRAHSPILNMEGTKIGTVTSGCPSPSLKKNVAMGYVPCEYSRPGTMLLVEVRRKQQMAVVSKMPFVPTNYYTLK,Monica,R296H,1
31492,MQRAVSVVARLGFRLQAFPPALCRPLSCAQEVLRRTPLYDFHLAHGGKMVAFAGWSLPVQYRDSHTDSHLHTRQHCSLFDVSHMLQTKILGSDRVKLMESLVVGDIAELRPNQGTLSLFTNEAGGILDDLIVTNTSEGHLYVVSNAGCWEKDLALMQDKVRELQNQGRDVGLEVLDNALLALQGPTAAQVLQAGVADDLRKLPFMTSAVMEVFGVSGCRVTRCGYTGEDGVEISVPVAGAVHLATAILKNPEVKLAGLAARDSLRLEAGLCLYGNDIDEHTTPVEGSLSWTLGKRLRAAMDFPGAKVIVPQLKGRVQRRRVGLMCEGAPMRAHSPILNMEGTKIGTVTSGCPSPSLKKNVAMGYVPCEYSRPGTMLLVEVRRKQQMAVVSKMPFVPTNYYTLK,Monica,R296L,1
31493,MQRAVSVVARLGFRLQAFPPALCRPLSCAQEVLRRTPLYDFHLAHGGKMVAFAGWSLPVQYRDSHTDSHLHTRQHCSLFDVSHMLQTKILGSDRVKLMESLVVGDIAELRPNQGTLSLFTNEAGGILDDLIVTNTSEGHLYVVSNAGCWEKDLALMQDKVRELQNQGRDVGLEVLDNALLALQGPTAAQVLQAGVADDLRKLPFMTSAVMEVFGVSGCRVTRCGYTGEDGVEISVPVAGAVHLATAILKNPEVKLAGLAARDSLRLEAGLCLYGNDIDEHTTPVEGSLSWTLGKRCRAAMDFPGAKVIVPQLKGRVQRRRVGLMCEGAPMRAHSPILNMEGTKIGTVTSGCPSPSLKKNVAMGYVPCEYSRPGTMLLVEVRRKQQMAVVSKMPFVPTNYYTLK,Monica,R296C,1
31494,MQRAVSVVARLGFRLQAFPPALCRPLSCAQEVLRRTPLYDFHLAHGGKMVAFAGWSLPVQYRDSHTDSHLHTRQHCSLFDVSHMLQTKILGSDRVKLMESLVVGDIAELRPNQGTLSLFTNEAGGILDDLIVTNTSEGHLYVVSNAGCWEKDLALMQDKVRELQNQGRDVGLEVLDNALLALQGPTAAQVLQAGVADDLRKLPFMTSAVMEVFGVSGCRVTRCGYTGEDGVEISVPVAGAVHLATAILKNPEVKLAGLAARDSLRLEAGLCLYGNDIDEHTTPVEGSLSWTLGKRRQAAMDFPGAKVIVPQLKGRVQRRRVGLMCEGAPMRAHSPILNMEGTKIGTVTSGCPSPSLKKNVAMGYVPCEYSRPGTMLLVEVRRKQQMAVVSKMPFVPTNYYTLK,Monica,R297Q,1
31495,MQRAVSVVARLGFRLQAFPPALCRPLSCAQEVLRRTPLYDFHLAHGGKMVAFAGWSLPVQYRDSHTDSHLHTRQHCSLFDVSHMLQTKILGSDRVKLMESLVVGDIAELRPNQGTLSLFTNEAGGILDDLIVTNTSEGHLYVVSNAGCWEKDLALMQDKVRELQNQGRDVGLEVLDNALLALQGPTAAQVLQAGVADDLRKLPFMTSAVMEVFGVSGCRVTRCGYTGEDGVEISVPVAGAVHLATAILKNPEVKLAGLAARDSLRLEAGLCLYGNDIDEHTTPVEGSLSWTLGKRRRTAMDFPGAKVIVPQLKGRVQRRRVGLMCEGAPMRAHSPILNMEGTKIGTVTSGCPSPSLKKNVAMGYVPCEYSRPGTMLLVEVRRKQQMAVVSKMPFVPTNYYTLK,Monica,A298T,0
31496,MQRAVSVVARLGFRLQAFPPALCRPLSCAQEVLRRTPLYDFHLAHGGKMVAFAGWSLPVQYRDSHTDSHLHTRQHCSLFDVSHMLQTKILGSDRVKLMESLVVGDIAELRPNQGTLSLFTNEAGGILDDLIVTNTSEGHLYVVSNAGCWEKDLALMQDKVRELQNQGRDVGLEVLDNALLALQGPTAAQVLQAGVADDLRKLPFMTSAVMEVFGVSGCRVTRCGYTGEDGVEISVPVAGAVHLATAILKNPEVKLAGLAARDSLRLEAGLCLYGNDIDEHTTPVEGSLSWTLGKRRRAAVDFPGAKVIVPQLKGRVQRRRVGLMCEGAPMRAHSPILNMEGTKIGTVTSGCPSPSLKKNVAMGYVPCEYSRPGTMLLVEVRRKQQMAVVSKMPFVPTNYYTLK,Monica,M300V,0
31497,MQRAVSVVARLGFRLQAFPPALCRPLSCAQEVLRRTPLYDFHLAHGGKMVAFAGWSLPVQYRDSHTDSHLHTRQHCSLFDVSHMLQTKILGSDRVKLMESLVVGDIAELRPNQGTLSLFTNEAGGILDDLIVTNTSEGHLYVVSNAGCWEKDLALMQDKVRELQNQGRDVGLEVLDNALLALQGPTAAQVLQAGVADDLRKLPFMTSAVMEVFGVSGCRVTRCGYTGEDGVEISVPVAGAVHLATAILKNPEVKLAGLAARDSLRLEAGLCLYGNDIDEHTTPVEGSLSWTLGKRRRAAMDFPEAKVIVPQLKGRVQRRRVGLMCEGAPMRAHSPILNMEGTKIGTVTSGCPSPSLKKNVAMGYVPCEYSRPGTMLLVEVRRKQQMAVVSKMPFVPTNYYTLK,Monica,G304E,1
31498,MQRAVSVVARLGFRLQAFPPALCRPLSCAQEVLRRTPLYDFHLAHGGKMVAFAGWSLPVQYRDSHTDSHLHTRQHCSLFDVSHMLQTKILGSDRVKLMESLVVGDIAELRPNQGTLSLFTNEAGGILDDLIVTNTSEGHLYVVSNAGCWEKDLALMQDKVRELQNQGRDVGLEVLDNALLALQGPTAAQVLQAGVADDLRKLPFMTSAVMEVFGVSGCRVTRCGYTGEDGVEISVPVAGAVHLATAILKNPEVKLAGLAARDSLRLEAGLCLYGNDIDEHTTPVEGSLSWTLGKRRRAAMDFPGAKVIVPQLKGKVQRRRVGLMCEGAPMRAHSPILNMEGTKIGTVTSGCPSPSLKKNVAMGYVPCEYSRPGTMLLVEVRRKQQMAVVSKMPFVPTNYYTLK,Monica,R315K,1
31390,TQRAVSVVARLGFRLQAFPPALCRPLSCAQEVLRRTPLYDFHLAHGGKMVAFAGWSLPVQYRDSHTDSHLHTRQHCSLFDVSHMLQTKILGSDRVKLMESLVVGDIAELRPNQGTLSLFTNEAGGILDDLIVTNTSEGHLYVVSNAGCWEKDLALMQDKVRELQNQGRDVGLEVLDNALLALQGPTAAQVLQAGVADDLRKLPFMTSAVMEVFGVSGCRVTRCGYTGEDGVEISVPVAGAVHLATAILKNPEVKLAGLAARDSLRLEAGLCLYGNDIDEHTTPVEGSLSWTLGKRRRAAMDFPGAKVIVPQLKGRVQRRRVGLMCEGAPMRAHSPILNMEGTKIGTVTSGCPSPSLKKNVAMGYVPCEYSRPGTMLLVEVRRKQQMAVVSKMPFVPTNYYTLK,Monica,M1T,1
31391,MQRAVSVVARLGFRLQAFPPALCRPLSCAQEVLRRTPLYDFHLAHGGKMVAFAGWSLPVQYRDSHTDSHLPTRQHCSLFDVSHMLQTKILGSDRVKLMESLVVGDIAELRPNQGTLSLFTNEAGGILDDLIVTNTSEGHLYVVSNAGCWEKDLALMQDKVRELQNQGRDVGLEVLDNALLALQGPTAAQVLQAGVADDLRKLPFMTSAVMEVFGVSGCRVTRCGYTGEDGVEISVPVAGAVHLATAILKNPEVKLAGLAARDSLRLEAGLCLYGNDIDEHTTPVEGSLSWTLGKRRRAAMDFPGAKVIVPQLKGRVQRRRVGLMCEGAPMRAHSPILNMEGTKIGTVTSGCPSPSLKKNVAMGYVPCEYSRPGTMLLVEVRRKQQMAVVSKMPFVPTNYYTLK,Monica,H71P,1
31392,MQRAVSVVARLGFRLQAFPPALCRPLSCAQEVLRRTPLYDFHLAHGGKMVAFAGWSLPVQYRDSHTDSHLHTRQHCLLFDVSHMLQTKILGSDRVKLMESLVVGDIAELRPNQGTLSLFTNEAGGILDDLIVTNTSEGHLYVVSNAGCWEKDLALMQDKVRELQNQGRDVGLEVLDNALLALQGPTAAQVLQAGVADDLRKLPFMTSAVMEVFGVSGCRVTRCGYTGEDGVEISVPVAGAVHLATAILKNPEVKLAGLAARDSLRLEAGLCLYGNDIDEHTTPVEGSLSWTLGKRRRAAMDFPGAKVIVPQLKGRVQRRRVGLMCEGAPMRAHSPILNMEGTKIGTVTSGCPSPSLKKNVAMGYVPCEYSRPGTMLLVEVRRKQQMAVVSKMPFVPTNYYTLK,Monica,S77L,1
31393,MQRAVSVVARLGFRLQAFPPALCRPLSCAQEVLRRTPLYDFHLAHGGKMVAFAGWSLPVQYRDSHTDSHLHTRQHCSLFDVSHMLQTKILGSDRVKLRESLVVGDIAELRPNQGTLSLFTNEAGGILDDLIVTNTSEGHLYVVSNAGCWEKDLALMQDKVRELQNQGRDVGLEVLDNALLALQGPTAAQVLQAGVADDLRKLPFMTSAVMEVFGVSGCRVTRCGYTGEDGVEISVPVAGAVHLATAILKNPEVKLAGLAARDSLRLEAGLCLYGNDIDEHTTPVEGSLSWTLGKRRRAAMDFPGAKVIVPQLKGRVQRRRVGLMCEGAPMRAHSPILNMEGTKIGTVTSGCPSPSLKKNVAMGYVPCEYSRPGTMLLVEVRRKQQMAVVSKMPFVPTNYYTLK,Monica,M98R,1
31394,MQRAVSVVARLGFRLQAFPPALCRPLSCAQEVLRRTPLYDFHLAHGGKMVAFAGWSLPVQYRDSHTDSHLHTRQHCSLFDVSHMLQTKILGSDRVKLMESLVVGDIAELRPNQGTLLLFTNEAGGILDDLIVTNTSEGHLYVVSNAGCWEKDLALMQDKVRELQNQGRDVGLEVLDNALLALQGPTAAQVLQAGVADDLRKLPFMTSAVMEVFGVSGCRVTRCGYTGEDGVEISVPVAGAVHLATAILKNPEVKLAGLAARDSLRLEAGLCLYGNDIDEHTTPVEGSLSWTLGKRRRAAMDFPGAKVIVPQLKGRVQRRRVGLMCEGAPMRAHSPILNMEGTKIGTVTSGCPSPSLKKNVAMGYVPCEYSRPGTMLLVEVRRKQQMAVVSKMPFVPTNYYTLK,Monica,S117L,1
31395,MQRAVSVVARLGFRLQAFPPALCRPLSCAQEVLRRTPLYDFHLAHGGKMVAFAGWSLPVQYRDSHTDSHLHTRQHCSLFDVSHMLQTKILGSDRVKLMESLVVGDIAELRPNQGTLSLFTNEAGGILDDLIVTNTSEGHLYVVSNAGCWEKDLALMQDKVRELQNQGRDVGPEVLDNALLALQGPTAAQVLQAGVADDLRKLPFMTSAVMEVFGVSGCRVTRCGYTGEDGVEISVPVAGAVHLATAILKNPEVKLAGLAARDSLRLEAGLCLYGNDIDEHTTPVEGSLSWTLGKRRRAAMDFPGAKVIVPQLKGRVQRRRVGLMCEGAPMRAHSPILNMEGTKIGTVTSGCPSPSLKKNVAMGYVPCEYSRPGTMLLVEVRRKQQMAVVSKMPFVPTNYYTLK,Monica,L172P,1
31396,MQRAVSVVARLGFRLQAFPPALCRPLSCAQEVLCRTPLYDFHLAHGGKMVAFAGWSLPVQYRDSHTDSHLHTRQHCSLFDVSHMLQTKILGSDRVKLMESLVVGDIAELRPNQGTLSLFTNEAGGILDDLIVTNTSEGHLYVVSNAGCWEKDLALMQDKVRELQNQGRDVGLEVLDNALLALQGPTAAQVLQAGVADDLRKLPFMTSAVMEVFGVSGCRVTRCGYTGEDGVEISVPVAGAVHLATAILKNPEVKLAGLAARDSLRLEAGLCLYGNDIDEHTTPVEGSLSWTLGKRRRAAMDFPGAKVIVPQLKGRVQRRRVGLMCEGAPMRAHSPILNMEGTKIGTVTSGCPSPSLKKNVAMGYVPCEYSRPGTMLLVEVRRKQQMAVVSKMPFVPTNYYTLK,Monica,R34C,1
31397,MQRAVSVVARLGFRLQAFPPALCRPLSCAQEVLRRTPLYDFHLAHGGKMVAFAGWSLPVQYRDSHTDSHLHTRQHCSLFDVSHMLQTKILGSDRVKLMESLVVGDIAELRPNQGTLSLFTNEAGGILDDLIVTNTSEGHLYVVSNAGCWEKDLALMQDKVRELQNQGRDVGLEVLDNALLALRGPTAAQVLQAGVADDLRKLPFMTSAVMEVFGVSGCRVTRCGYTGEDGVEISVPVAGAVHLATAILKNPEVKLAGLAARDSLRLEAGLCLYGNDIDEHTTPVEGSLSWTLGKRRRAAMDFPGAKVIVPQLKGRVQRRRVGLMCEGAPMRAHSPILNMEGTKIGTVTSGCPSPSLKKNVAMGYVPCEYSRPGTMLLVEVRRKQQMAVVSKMPFVPTNYYTLK,Monica,Q183R,1
31398,MQRAVSVVARLGFRLQAFPPALCRPLSCAQEVLRRTPLYDFRLAHGGKMVAFAGWSLPVQYRDSHTDSHLHTRQHCSLFDVSHMLQTKILGSDRVKLMESLVVGDIAELRPNQGTLSLFTNEAGGILDDLIVTNTSEGHLYVVSNAGCWEKDLALMQDKVRELQNQGRDVGLEVLDNALLALQGPTAAQVLQAGVADDLRKLPFMTSAVMEVFGVSGCRVTRCGYTGEDGVEISVPVAGAVHLATAILKNPEVKLAGLAARDSLRLEAGLCLYGNDIDEHTTPVEGSLSWTLGKRRRAAMDFPGAKVIVPQLKGRVQRRRVGLMCEGAPMRAHSPILNMEGTKIGTVTSGCPSPSLKKNVAMGYVPCEYSRPGTMLLVEVRRKQQMAVVSKMPFVPTNYYTLK,Monica,H42R,1
31399,MQRAVSVVARLGFRLQAFPPALCRPLSCAQEVLRRTPLYDFHLAHGGKMVAFAGWSLPVQYRDSHTDSHLHTRQHCSLFDVSHMLQTKILGSDRVKLMESLVVGDIAELRPNQGTLSLFTNEAGGILDDLIVTNTSEGHLYVVSNAGCWEKDLALMQDKVRELQNQGRDVGLEVLDNALLALQGPTAAQVLQAGVADDLRKLPFMTSAVMEVFGVSGCRVTHCGYTGEDGVEISVPVAGAVHLATAILKNPEVKLAGLAARDSLRLEAGLCLYGNDIDEHTTPVEGSLSWTLGKRRRAAMDFPGAKVIVPQLKGRVQRRRVGLMCEGAPMRAHSPILNMEGTKIGTVTSGCPSPSLKKNVAMGYVPCEYSRPGTMLLVEVRRKQQMAVVSKMPFVPTNYYTLK,Monica,R222H,1
31400,MQRAVSVVARLGFRLQAFPPALCRPLSCAQEVLRRTPLYDFHLAHGWKMVAFAGWSLPVQYRDSHTDSHLHTRQHCSLFDVSHMLQTKILGSDRVKLMESLVVGDIAELRPNQGTLSLFTNEAGGILDDLIVTNTSEGHLYVVSNAGCWEKDLALMQDKVRELQNQGRDVGLEVLDNALLALQGPTAAQVLQAGVADDLRKLPFMTSAVMEVFGVSGCRVTRCGYTGEDGVEISVPVAGAVHLATAILKNPEVKLAGLAARDSLRLEAGLCLYGNDIDEHTTPVEGSLSWTLGKRRRAAMDFPGAKVIVPQLKGRVQRRRVGLMCEGAPMRAHSPILNMEGTKIGTVTSGCPSPSLKKNVAMGYVPCEYSRPGTMLLVEVRRKQQMAVVSKMPFVPTNYYTLK,Monica,G47W,1
31401,MQRAVSVVARLGFRLQAFPPALCRPLSCAQEVLRRTPLYDFHLAHGRKMVAFAGWSLPVQYRDSHTDSHLHTRQHCSLFDVSHMLQTKILGSDRVKLMESLVVGDIAELRPNQGTLSLFTNEAGGILDDLIVTNTSEGHLYVVSNAGCWEKDLALMQDKVRELQNQGRDVGLEVLDNALLALQGPTAAQVLQAGVADDLRKLPFMTSAVMEVFGVSGCRVTRCGYTGEDGVEISVPVAGAVHLATAILKNPEVKLAGLAARDSLRLEAGLCLYGNDIDEHTTPVEGSLSWTLGKRRRAAMDFPGAKVIVPQLKGRVQRRRVGLMCEGAPMRAHSPILNMEGTKIGTVTSGCPSPSLKKNVAMGYVPCEYSRPGTMLLVEVRRKQQMAVVSKMPFVPTNYYTLK,Monica,G47R,1
31402,MQRAVSVVARLGFRLQAFPPALCRPLSCAQEVLRRTPLYDFHLAHGGKMLAFAGWSLPVQYRDSHTDSHLHTRQHCSLFDVSHMLQTKILGSDRVKLMESLVVGDIAELRPNQGTLSLFTNEAGGILDDLIVTNTSEGHLYVVSNAGCWEKDLALMQDKVRELQNQGRDVGLEVLDNALLALQGPTAAQVLQAGVADDLRKLPFMTSAVMEVFGVSGCRVTRCGYTGEDGVEISVPVAGAVHLATAILKNPEVKLAGLAARDSLRLEAGLCLYGNDIDEHTTPVEGSLSWTLGKRRRAAMDFPGAKVIVPQLKGRVQRRRVGLMCEGAPMRAHSPILNMEGTKIGTVTSGCPSPSLKKNVAMGYVPCEYSRPGTMLLVEVRRKQQMAVVSKMPFVPTNYYTLK,Monica,V50L,1
31403,MQRAVSVVARLGFRLQAFPPALCRPLSCAQEVLRRTPLYDFHLAHGGKMLAFAGWSLPVQYRDSHTDSHLHTRQHCSLFDVSHMLQTKILGSDRVKLMESLVVGDIAELRPNQGTLSLFTNEAGGILDDLIVTNTSEGHLYVVSNAGCWEKDLALMQDKVRELQNQGRDVGLEVLDNALLALQGPTAAQVLQAGVADDLRKLPFMTSAVMEVFGVSGCRVTRCGYTGEDGVEISVPVAGAVHLATAILKNPEVKLAGLAARDSLRLEAGLCLYGNDIDEHTTPVEGSLSWTLGKRRRAAMDFPGAKVIVPQLKGRVQRRRVGLMCEGAPMRAHSPILNMEGTKIGTVTSGCPSPSLKKNVAMGYVPCEYSRPGTMLLVEVRRKQQMAVVSKMPFVPTNYYTLK,Monica,V50L,1
31404,MQRAVSVVARLGFRLQAFPPALCRPLSCAQEVLRRTPLYDFHLAHGGKMVAFAGWSLPVQYRDSHTDSHLHTRQHCSLFDVSHMLQTKILGSDRVKLMESLVVGDIAELRPNQGTLSLFTNEAGGILDDLIVTNTSEGHLYVVSNAGCWEKDLALMQDKVRELQNQGRDVGLEVLDNALLALQGPTAAQVLQAGVADDLRKLPFMTSAVMEVFGVSGCRVTRCGCTGEDGVEISVPVAGAVHLATAILKNPEVKLAGLAARDSLRLEAGLCLYGNDIDEHTTPVEGSLSWTLGKRRRAAMDFPGAKVIVPQLKGRVQRRRVGLMCEGAPMRAHSPILNMEGTKIGTVTSGCPSPSLKKNVAMGYVPCEYSRPGTMLLVEVRRKQQMAVVSKMPFVPTNYYTLK,Monica,Y225C,1
31405,MQRAVSVVARLGFRLQAFPPALCRPLSCAQEVLRRTPLYDFHLAHGGKMVASAGWSLPVQYRDSHTDSHLHTRQHCSLFDVSHMLQTKILGSDRVKLMESLVVGDIAELRPNQGTLSLFTNEAGGILDDLIVTNTSEGHLYVVSNAGCWEKDLALMQDKVRELQNQGRDVGLEVLDNALLALQGPTAAQVLQAGVADDLRKLPFMTSAVMEVFGVSGCRVTRCGYTGEDGVEISVPVAGAVHLATAILKNPEVKLAGLAARDSLRLEAGLCLYGNDIDEHTTPVEGSLSWTLGKRRRAAMDFPGAKVIVPQLKGRVQRRRVGLMCEGAPMRAHSPILNMEGTKIGTVTSGCPSPSLKKNVAMGYVPCEYSRPGTMLLVEVRRKQQMAVVSKMPFVPTNYYTLK,Monica,F52S,1
31406,MQRAVSVVARLGFRLQAFPPALCRPLSCAQEVLRRTPLYDFHLAHGGKMVACAGWSLPVQYRDSHTDSHLHTRQHCSLFDVSHMLQTKILGSDRVKLMESLVVGDIAELRPNQGTLSLFTNEAGGILDDLIVTNTSEGHLYVVSNAGCWEKDLALMQDKVRELQNQGRDVGLEVLDNALLALQGPTAAQVLQAGVADDLRKLPFMTSAVMEVFGVSGCRVTRCGYTGEDGVEISVPVAGAVHLATAILKNPEVKLAGLAARDSLRLEAGLCLYGNDIDEHTTPVEGSLSWTLGKRRRAAMDFPGAKVIVPQLKGRVQRRRVGLMCEGAPMRAHSPILNMEGTKIGTVTSGCPSPSLKKNVAMGYVPCEYSRPGTMLLVEVRRKQQMAVVSKMPFVPTNYYTLK,Monica,F52C,1
31407,MQRAVSVVARLGFRLQAFPPALCRPLSCAQEVLRRTPLYDFHLAHGGKMVAFVGWSLPVQYRDSHTDSHLHTRQHCSLFDVSHMLQTKILGSDRVKLMESLVVGDIAELRPNQGTLSLFTNEAGGILDDLIVTNTSEGHLYVVSNAGCWEKDLALMQDKVRELQNQGRDVGLEVLDNALLALQGPTAAQVLQAGVADDLRKLPFMTSAVMEVFGVSGCRVTRCGYTGEDGVEISVPVAGAVHLATAILKNPEVKLAGLAARDSLRLEAGLCLYGNDIDEHTTPVEGSLSWTLGKRRRAAMDFPGAKVIVPQLKGRVQRRRVGLMCEGAPMRAHSPILNMEGTKIGTVTSGCPSPSLKKNVAMGYVPCEYSRPGTMLLVEVRRKQQMAVVSKMPFVPTNYYTLK,Monica,A53V,1
31408,MQRAVSVVARLGFRLQAFPPALCRPLSCAQEVLRRTPLYDFHLAHGGKMVAFAGWSPPVQYRDSHTDSHLHTRQHCSLFDVSHMLQTKILGSDRVKLMESLVVGDIAELRPNQGTLSLFTNEAGGILDDLIVTNTSEGHLYVVSNAGCWEKDLALMQDKVRELQNQGRDVGLEVLDNALLALQGPTAAQVLQAGVADDLRKLPFMTSAVMEVFGVSGCRVTRCGYTGEDGVEISVPVAGAVHLATAILKNPEVKLAGLAARDSLRLEAGLCLYGNDIDEHTTPVEGSLSWTLGKRRRAAMDFPGAKVIVPQLKGRVQRRRVGLMCEGAPMRAHSPILNMEGTKIGTVTSGCPSPSLKKNVAMGYVPCEYSRPGTMLLVEVRRKQQMAVVSKMPFVPTNYYTLK,Monica,L57P,1
31409,MQRAVSVVARLGFRLQAFPPALCRPLSCAQEVLRRTPLYDFHLAHGGKMVAFAGWSLLVQYRDSHTDSHLHTRQHCSLFDVSHMLQTKILGSDRVKLMESLVVGDIAELRPNQGTLSLFTNEAGGILDDLIVTNTSEGHLYVVSNAGCWEKDLALMQDKVRELQNQGRDVGLEVLDNALLALQGPTAAQVLQAGVADDLRKLPFMTSAVMEVFGVSGCRVTRCGYTGEDGVEISVPVAGAVHLATAILKNPEVKLAGLAARDSLRLEAGLCLYGNDIDEHTTPVEGSLSWTLGKRRRAAMDFPGAKVIVPQLKGRVQRRRVGLMCEGAPMRAHSPILNMEGTKIGTVTSGCPSPSLKKNVAMGYVPCEYSRPGTMLLVEVRRKQQMAVVSKMPFVPTNYYTLK,Monica,P58L,1
31410,MQRAVSVVARLGFRLQAFPPALCRPLSCAQEVLRRTPLYDFHLAHGGKMVAFAGWSLPVQYRDSHTDSHLHTRQHCSLFDVSHMLQTKILGSDRVKLMESLVVGDIAELRPNQGTLSLFTNEAGGILDDLIVTNTSEGHLYVVSNAGCWEKDLALMQDKVRELQNQGRDVGLEVLDNALLALQGPTAAQVLQAGVADDLRKLPFMTSAVMEVFGVSGCRVTRCGYTGEDGVEISVPVAGAVHLATAILKNPEVKLAGLAARDSLHLEAGLCLYGNDIDEHTTPVEGSLSWTLGKRRRAAMDFPGAKVIVPQLKGRVQRRRVGLMCEGAPMRAHSPILNMEGTKIGTVTSGCPSPSLKKNVAMGYVPCEYSRPGTMLLVEVRRKQQMAVVSKMPFVPTNYYTLK,Monica,R265H,1
31411,MQRAVSVVARLGFRLQAFPPALCRPLSCAQEVLRRTPLYDFHLAHGGKMVAFAGWSLPVQYRDSHTDSHLHTRQHCSLFDVSHMLQTKILGSDRVKLMESLVVGDIAELRPNQGTLSLFTNEAGGILDDLIVTNTSEGHLYVVSNAGCWEKDLALMQDKVRELQNQGRDVGLEVLDNALLALQGPTAAQVLQAGVADDLRKLPFMTSAVMEVFGVSGCRVTRCGYTGEDGVEISVPVAGAVHLATAILKNPEVKLAGLAARDSLCLEAGLCLYGNDIDEHTTPVEGSLSWTLGKRRRAAMDFPGAKVIVPQLKGRVQRRRVGLMCEGAPMRAHSPILNMEGTKIGTVTSGCPSPSLKKNVAMGYVPCEYSRPGTMLLVEVRRKQQMAVVSKMPFVPTNYYTLK,Monica,R265C,1
31412,MQRAVSVVARLGFRLQAFPPALCRPLSCAQEVLRRTPLYDFHLAHGGKMVAFAGWSLPVQYRDSHTDSHLHTRQHCSLFDVSHMLQTKILGSDRVKLMESLVVGDIAELRPNQGTLSLFTNEAGGILDDLIVTNTSEGHLYVVSNAGCWEKDLALMQDKVRELQNQGRDVGLEVLDNALLALQGPTAAQVLQAGVADDLRKLPFMTSAVMEVFGVSGCRVTRCGYTGEDGVEISVPVAGAVHLATAILKNPEVKLAGLAARDSLRLEAGLCLYGNHIDEHTTPVEGSLSWTLGKRRRAAMDFPGAKVIVPQLKGRVQRRRVGLMCEGAPMRAHSPILNMEGTKIGTVTSGCPSPSLKKNVAMGYVPCEYSRPGTMLLVEVRRKQQMAVVSKMPFVPTNYYTLK,Monica,D276H,1
31413,MQRAVSVVARLGFRLQAFPPALCRPLSCAQEVLRRTPLYDFHLAHGGKMVAFAGWSLPVQYRDSHTDLHLHTRQHCSLFDVSHMLQTKILGSDRVKLMESLVVGDIAELRPNQGTLSLFTNEAGGILDDLIVTNTSEGHLYVVSNAGCWEKDLALMQDKVRELQNQGRDVGLEVLDNALLALQGPTAAQVLQAGVADDLRKLPFMTSAVMEVFGVSGCRVTRCGYTGEDGVEISVPVAGAVHLATAILKNPEVKLAGLAARDSLRLEAGLCLYGNDIDEHTTPVEGSLSWTLGKRRRAAMDFPGAKVIVPQLKGRVQRRRVGLMCEGAPMRAHSPILNMEGTKIGTVTSGCPSPSLKKNVAMGYVPCEYSRPGTMLLVEVRRKQQMAVVSKMPFVPTNYYTLK,Monica,S68L,1
31414,MQRAVSVVARLGFRLQAFPPALCRPLSCAQEVLRRTPLYDFHLAHGGKMVAFAGWSLPVQYRDSHTDSHLPTRQHCSLFDVSHMLQTKILGSDRVKLMESLVVGDIAELRPNQGTLSLFTNEAGGILDDLIVTNTSEGHLYVVSNAGCWEKDLALMQDKVRELQNQGRDVGLEVLDNALLALQGPTAAQVLQAGVADDLRKLPFMTSAVMEVFGVSGCRVTRCGYTGEDGVEISVPVAGAVHLATAILKNPEVKLAGLAARDSLRLEAGLCLYGNDIDEHTTPVEGSLSWTLGKRRRAAMDFPGAKVIVPQLKGRVQRRRVGLMCEGAPMRAHSPILNMEGTKIGTVTSGCPSPSLKKNVAMGYVPCEYSRPGTMLLVEVRRKQQMAVVSKMPFVPTNYYTLK,Monica,H71P,1
31415,MQRAVSVVARLGFRLQAFPPALCRPLSCAQEVLRRTPLYDFHLAHGGKMVAFAGWSLPVQYRDSHTDSHLHTCQHCSLFDVSHMLQTKILGSDRVKLMESLVVGDIAELRPNQGTLSLFTNEAGGILDDLIVTNTSEGHLYVVSNAGCWEKDLALMQDKVRELQNQGRDVGLEVLDNALLALQGPTAAQVLQAGVADDLRKLPFMTSAVMEVFGVSGCRVTRCGYTGEDGVEISVPVAGAVHLATAILKNPEVKLAGLAARDSLRLEAGLCLYGNDIDEHTTPVEGSLSWTLGKRRRAAMDFPGAKVIVPQLKGRVQRRRVGLMCEGAPMRAHSPILNMEGTKIGTVTSGCPSPSLKKNVAMGYVPCEYSRPGTMLLVEVRRKQQMAVVSKMPFVPTNYYTLK,Monica,R73C,1
31416,MQRAVSVVARLGFRLQAFPPALCRPLSCAQEVLRRTPLYDFHLAHGGKMVAFAGWSLPVQYRDSHTDSHLHTHQHCSLFDVSHMLQTKILGSDRVKLMESLVVGDIAELRPNQGTLSLFTNEAGGILDDLIVTNTSEGHLYVVSNAGCWEKDLALMQDKVRELQNQGRDVGLEVLDNALLALQGPTAAQVLQAGVADDLRKLPFMTSAVMEVFGVSGCRVTRCGYTGEDGVEISVPVAGAVHLATAILKNPEVKLAGLAARDSLRLEAGLCLYGNDIDEHTTPVEGSLSWTLGKRRRAAMDFPGAKVIVPQLKGRVQRRRVGLMCEGAPMRAHSPILNMEGTKIGTVTSGCPSPSLKKNVAMGYVPCEYSRPGTMLLVEVRRKQQMAVVSKMPFVPTNYYTLK,Monica,R73H,1
31417,MQRAVSVVARLGFRLQAFPPALCRPLSCAQEVLRRTPLYDFHLAHGGKMVAFAGWSLPVQYRDSHTDSHLHTRQHCLLFDVSHMLQTKILGSDRVKLMESLVVGDIAELRPNQGTLSLFTNEAGGILDDLIVTNTSEGHLYVVSNAGCWEKDLALMQDKVRELQNQGRDVGLEVLDNALLALQGPTAAQVLQAGVADDLRKLPFMTSAVMEVFGVSGCRVTRCGYTGEDGVEISVPVAGAVHLATAILKNPEVKLAGLAARDSLRLEAGLCLYGNDIDEHTTPVEGSLSWTLGKRRRAAMDFPGAKVIVPQLKGRVQRRRVGLMCEGAPMRAHSPILNMEGTKIGTVTSGCPSPSLKKNVAMGYVPCEYSRPGTMLLVEVRRKQQMAVVSKMPFVPTNYYTLK,Monica,S77L,1
31418,MQRAVSVVARLGFRLQAFPPALCRPLSCAQEVLRRTPLYDFHLAHGGKMVAFAGWSLPVQYRDSHTDSHLHTRQHCSLFDVSHMLQTKRLGSDRVKLMESLVVGDIAELRPNQGTLSLFTNEAGGILDDLIVTNTSEGHLYVVSNAGCWEKDLALMQDKVRELQNQGRDVGLEVLDNALLALQGPTAAQVLQAGVADDLRKLPFMTSAVMEVFGVSGCRVTRCGYTGEDGVEISVPVAGAVHLATAILKNPEVKLAGLAARDSLRLEAGLCLYGNDIDEHTTPVEGSLSWTLGKRRRAAMDFPGAKVIVPQLKGRVQRRRVGLMCEGAPMRAHSPILNMEGTKIGTVTSGCPSPSLKKNVAMGYVPCEYSRPGTMLLVEVRRKQQMAVVSKMPFVPTNYYTLK,Monica,I89R,1
31419,MQRAVSVVARLGFRLQAFPPALCRPLSCAQEVLRRTPLYDFHLAHGGKMVAFAGWSLPVQYRDSHTDSHLHTRQHCSLFDVSHMLQTKILGSDRVKLMESLVVGDIAELRPNQGTLSLFTNEAGGILDDLIVTNTSEGHLYVVSNAGCWEKDLALMQDKVRELQNQGRDVGLEVLDNALLALQGPTAAQVLQAGVADDLRKLPFMTSAVMEVFGVSGCRVTRCGYTGEDGVEISVPVAGAVHLATAILKNPEVKLAGLAARDSLRLEAGLCLYGNDIDEHTTPVEGSLSWTLGKRHRAAMDFPGAKVIVPQLKGRVQRRRVGLMCEGAPMRAHSPILNMEGTKIGTVTSGCPSPSLKKNVAMGYVPCEYSRPGTMLLVEVRRKQQMAVVSKMPFVPTNYYTLK,Monica,R296H,1
31420,MQRAVSVVARLGFRLQAFPPALCRPLSCAQEVLRRTPLYDFHLAHGGKMVAFAGWSLPVQYRDSHTDSHLHTRQHCSLFDVSHMLQTKILGSDWVKLMESLVVGDIAELRPNQGTLSLFTNEAGGILDDLIVTNTSEGHLYVVSNAGCWEKDLALMQDKVRELQNQGRDVGLEVLDNALLALQGPTAAQVLQAGVADDLRKLPFMTSAVMEVFGVSGCRVTRCGYTGEDGVEISVPVAGAVHLATAILKNPEVKLAGLAARDSLRLEAGLCLYGNDIDEHTTPVEGSLSWTLGKRRRAAMDFPGAKVIVPQLKGRVQRRRVGLMCEGAPMRAHSPILNMEGTKIGTVTSGCPSPSLKKNVAMGYVPCEYSRPGTMLLVEVRRKQQMAVVSKMPFVPTNYYTLK,Monica,R94W,1
31421,MQRAVSVVARLGFRLQAFPPALCRPLSCAQEVLRRTPLYDFHLAHGGKMVAFAGWSLPVQYRDSHTDSHLHTRQHCSLFDVSHMLQTKILGSDRMKLMESLVVGDIAELRPNQGTLSLFTNEAGGILDDLIVTNTSEGHLYVVSNAGCWEKDLALMQDKVRELQNQGRDVGLEVLDNALLALQGPTAAQVLQAGVADDLRKLPFMTSAVMEVFGVSGCRVTRCGYTGEDGVEISVPVAGAVHLATAILKNPEVKLAGLAARDSLRLEAGLCLYGNDIDEHTTPVEGSLSWTLGKRRRAAMDFPGAKVIVPQLKGRVQRRRVGLMCEGAPMRAHSPILNMEGTKIGTVTSGCPSPSLKKNVAMGYVPCEYSRPGTMLLVEVRRKQQMAVVSKMPFVPTNYYTLK,Monica,V95M,1
31422,MQRAVSVVARLGFRLQAFPPALCRPLSCAQEVLRRTPLYDFHLAHGGKMVAFAGWSLPVQYRDSHTDSHLHTRQHCSLFDVSHMLQTKILGSDRVKLRESLVVGDIAELRPNQGTLSLFTNEAGGILDDLIVTNTSEGHLYVVSNAGCWEKDLALMQDKVRELQNQGRDVGLEVLDNALLALQGPTAAQVLQAGVADDLRKLPFMTSAVMEVFGVSGCRVTRCGYTGEDGVEISVPVAGAVHLATAILKNPEVKLAGLAARDSLRLEAGLCLYGNDIDEHTTPVEGSLSWTLGKRRRAAMDFPGAKVIVPQLKGRVQRRRVGLMCEGAPMRAHSPILNMEGTKIGTVTSGCPSPSLKKNVAMGYVPCEYSRPGTMLLVEVRRKQQMAVVSKMPFVPTNYYTLK,Monica,M98R,1
31423,MQRAVSVVARLGFRLQAFPPALCRPLSCAQEVLRRTPLYDFHLAHGGKMVAFAGWSLPVQYRDSHTDSHLHTRQHCSLFDVSHMLQTKILGSDRVKLMESLVVGDIAELRPNQGTLSLFTNEAGGILDDLIVTNTSEGHLYVVSNAGCWEKDLALMQDKVRELQNQGRDVGLEVLDNALLALQGPTAAQVLQAGVADDLRKLPFMTSAVMEVFGVSGCRVTRCGYTGEDGVEISVPVAGAVHLATAILKNPEVKLAGLAARDSLRLEAGLCLYGNDIDEHTTPVEGSLSWTLGKRCRAAMDFPGAKVIVPQLKGRVQRRRVGLMCEGAPMRAHSPILNMEGTKIGTVTSGCPSPSLKKNVAMGYVPCEYSRPGTMLLVEVRRKQQMAVVSKMPFVPTNYYTLK,Monica,R296C,1
31424,MQRAVSVVARLGFRLQAFPPALCRPLSCAQEVLRRTPLYDFHLAHGGKMVAFAGWSLPVQYRDSHTDSHLHTRQHCSLFDVSHMLQTKILGSDRVKLMESLVVEDIAELRPNQGTLSLFTNEAGGILDDLIVTNTSEGHLYVVSNAGCWEKDLALMQDKVRELQNQGRDVGLEVLDNALLALQGPTAAQVLQAGVADDLRKLPFMTSAVMEVFGVSGCRVTRCGYTGEDGVEISVPVAGAVHLATAILKNPEVKLAGLAARDSLRLEAGLCLYGNDIDEHTTPVEGSLSWTLGKRRRAAMDFPGAKVIVPQLKGRVQRRRVGLMCEGAPMRAHSPILNMEGTKIGTVTSGCPSPSLKKNVAMGYVPCEYSRPGTMLLVEVRRKQQMAVVSKMPFVPTNYYTLK,Monica,G104E,1
31425,MQRAVSVVARLGFRLQAFPPALCRPLSCAQEVLRRTPLYDFHLAHGGKMVAFAGWSLPVQYRDSHTDSHLHTRQHCSLFDVSHMLQTKILGSDRVKLMESLVVGDTAELRPNQGTLSLFTNEAGGILDDLIVTNTSEGHLYVVSNAGCWEKDLALMQDKVRELQNQGRDVGLEVLDNALLALQGPTAAQVLQAGVADDLRKLPFMTSAVMEVFGVSGCRVTRCGYTGEDGVEISVPVAGAVHLATAILKNPEVKLAGLAARDSLRLEAGLCLYGNDIDEHTTPVEGSLSWTLGKRRRAAMDFPGAKVIVPQLKGRVQRRRVGLMCEGAPMRAHSPILNMEGTKIGTVTSGCPSPSLKKNVAMGYVPCEYSRPGTMLLVEVRRKQQMAVVSKMPFVPTNYYTLK,Monica,I106T,1
31426,MQRAVSVVARLGFRLQAFPPALCRPLSCAQEVLRRTPLYDFHLAHGGKMVAFAGWSLPVQYRDSHTDSHLHTRQHCSLFDVSHMLQTKILGSDRVKLMESLVVGDIAELRPNQGTLSLFTNEAGGILDDLIVTNTSEGHLYVVSNAGCWEKDLALMQDKVRELQNQGRDVGLEVLDNALLALQGPTAAQVLQAGVADDLRKLPFMTSAVMEVFGVSGCRVTRCGYTGEDGVEISVPVAGAVHLATAILKNPEVKLAGLAARDSLRLEAGLCLYGNDIDEHTTPVEGSLSWTLGKRRRAAMDFPGAKVIVPQLKGRVQRRGVGLMCEGAPMRAHSPILNMEGTKIGTVTSGCPSPSLKKNVAMGYVPCEYSRPGTMLLVEVRRKQQMAVVSKMPFVPTNYYTLK,Monica,R320G,1
31427,MQRAVSVVARLGFRLQAFPPALCRPLSCAQEVLRRTPLYDFHLAHGGKMVAFAGWSLPVQYRDSHTDSHLHTRQHCSLFDVSHMLQTKILGSDRVKLMESLVVGDIAELRPNQGTLSLFTNEAGGILDDLIVTNTSEGHLYVVSNAGCWEKDLALMQDKVRELQNQGRDVGLEVLDNALLALQGPTAAQVLQAGVADDLRKLPFMTSAVMEVFGVSGCRVTRCGYTGEDGVEISVPVAGAVHLATAILKNPEVKLAGLAARDSLRLEAGLCLYGNDIDEHTTPVEGSLSWTLGKRRRAAMDFPGAKVIVPQLKGRVQRRRVGLMCEGAPMQAHSPILNMEGTKIGTVTSGCPSPSLKKNVAMGYVPCEYSRPGTMLLVEVRRKQQMAVVSKMPFVPTNYYTLK,Monica,R331Q,1
31428,MQRAVSVVARLGFRLQAFPPALCRPLSCAQEVLRRTPLYDFHLAHGGKMVAFAGWSLPVQYRDSHTDSHLHTRQHCSLFDVSHMLQTKILGSDRVKLMESLVVGDIAELRPNQETLSLFTNEAGGILDDLIVTNTSEGHLYVVSNAGCWEKDLALMQDKVRELQNQGRDVGLEVLDNALLALQGPTAAQVLQAGVADDLRKLPFMTSAVMEVFGVSGCRVTRCGYTGEDGVEISVPVAGAVHLATAILKNPEVKLAGLAARDSLRLEAGLCLYGNDIDEHTTPVEGSLSWTLGKRRRAAMDFPGAKVIVPQLKGRVQRRRVGLMCEGAPMRAHSPILNMEGTKIGTVTSGCPSPSLKKNVAMGYVPCEYSRPGTMLLVEVRRKQQMAVVSKMPFVPTNYYTLK,Monica,G114E,1
31429,MQRAVSVVARLGFRLQAFPPALCRPLSCAQEVLRRTPLYDFHLAHGGKMVAFAGWSLPVQYRDSHTDSHLHTRQHCSLFDVSHMLQTKILGSDRVKLMESLVVGDIAELRPNQGTLLLFTNEAGGILDDLIVTNTSEGHLYVVSNAGCWEKDLALMQDKVRELQNQGRDVGLEVLDNALLALQGPTAAQVLQAGVADDLRKLPFMTSAVMEVFGVSGCRVTRCGYTGEDGVEISVPVAGAVHLATAILKNPEVKLAGLAARDSLRLEAGLCLYGNDIDEHTTPVEGSLSWTLGKRRRAAMDFPGAKVIVPQLKGRVQRRRVGLMCEGAPMRAHSPILNMEGTKIGTVTSGCPSPSLKKNVAMGYVPCEYSRPGTMLLVEVRRKQQMAVVSKMPFVPTNYYTLK,Monica,S117L,1
31430,MQRAVSVVARLGFRLQAFPPALCRPLSCAQEVLRRTPLYDFHLAHGGKMVAFAGWSLPVQYRDSHTDSHLHTRQHCSLFDVSHMLQTKILGSDRVKLMESLVVGDIAELRPNQGTLSLFINEAGGILDDLIVTNTSEGHLYVVSNAGCWEKDLALMQDKVRELQNQGRDVGLEVLDNALLALQGPTAAQVLQAGVADDLRKLPFMTSAVMEVFGVSGCRVTRCGYTGEDGVEISVPVAGAVHLATAILKNPEVKLAGLAARDSLRLEAGLCLYGNDIDEHTTPVEGSLSWTLGKRRRAAMDFPGAKVIVPQLKGRVQRRRVGLMCEGAPMRAHSPILNMEGTKIGTVTSGCPSPSLKKNVAMGYVPCEYSRPGTMLLVEVRRKQQMAVVSKMPFVPTNYYTLK,Monica,T120I,1
31431,MQRAVSVVARLGFRLQAFPPALCRPLSCAQEVLRRTPLYDFHLAHGGKMVAFAGWSLPVQYRDSHTDSHLHTRQHCSLFDVSHMLQTKILGSDRVKLMESLVVGDIAELRPNQGTLSLFTSEAGGILDDLIVTNTSEGHLYVVSNAGCWEKDLALMQDKVRELQNQGRDVGLEVLDNALLALQGPTAAQVLQAGVADDLRKLPFMTSAVMEVFGVSGCRVTRCGYTGEDGVEISVPVAGAVHLATAILKNPEVKLAGLAARDSLRLEAGLCLYGNDIDEHTTPVEGSLSWTLGKRRRAAMDFPGAKVIVPQLKGRVQRRRVGLMCEGAPMRAHSPILNMEGTKIGTVTSGCPSPSLKKNVAMGYVPCEYSRPGTMLLVEVRRKQQMAVVSKMPFVPTNYYTLK,Monica,N121S,1
31432,MQRAVSVVARLGFRLQAFPPALCRPLSCAQEVLRRTPLYDFHLAHGGKMVAFAGWSLPVQYRDSHTDSHLHTRQHCSLFDVSHMLQTKILGSDRVKLMESLVVGDIAELRPNQGTLSLFTNEAEGILDDLIVTNTSEGHLYVVSNAGCWEKDLALMQDKVRELQNQGRDVGLEVLDNALLALQGPTAAQVLQAGVADDLRKLPFMTSAVMEVFGVSGCRVTRCGYTGEDGVEISVPVAGAVHLATAILKNPEVKLAGLAARDSLRLEAGLCLYGNDIDEHTTPVEGSLSWTLGKRRRAAMDFPGAKVIVPQLKGRVQRRRVGLMCEGAPMRAHSPILNMEGTKIGTVTSGCPSPSLKKNVAMGYVPCEYSRPGTMLLVEVRRKQQMAVVSKMPFVPTNYYTLK,Monica,G124E,1
31433,MQRAVSVVARLGFRLQAFPPALCRPLSCAQEVLRRTPLYDFHLAHGGKMVAFAGWSLPVQYRDSHTDSHLHTRQHCSLFDVSHMLQTKILGSDRVKLMESLVVGDIAELRPNQGTLSLFTNEAGGILDDLIVTNTSEGHLYVVSNAGCWEKDLALMQDKVRELQNQGRDVGLEVLDNALLALQGPTAAQVLQAGVADDLRKLPFMTSAVMEVFGVSGCRVTRCGYTGEDGVEISVPVAGAVHLATAILKNPEVKLAGLAARDSLRLEAGLCLYGNDIDEHTTPVEGSLSWTLGKRRRAAMDFPGAKVIVPQLKGRVQRRRVGLMCEGAPMRAHSPILNMEGTKIGTVTSGCPSPSLKKNVVMGYVPCEYSRPGTMLLVEVRRKQQMAVVSKMPFVPTNYYTLK,Monica,A361V,1
31434,MQRAVSVVARLGFRLQAFPPALCRPLSCAQEVLRRTPLYDFHLAHGGKMVAFAGWSLPVQYRDSHTDSHLHTRQHCSLFDVSHMLQTKILGSDRVKLMESLVVGDIAELRPNQGTLSLFTNEAGGILDDLIVTNASEGHLYVVSNAGCWEKDLALMQDKVRELQNQGRDVGLEVLDNALLALQGPTAAQVLQAGVADDLRKLPFMTSAVMEVFGVSGCRVTRCGYTGEDGVEISVPVAGAVHLATAILKNPEVKLAGLAARDSLRLEAGLCLYGNDIDEHTTPVEGSLSWTLGKRRRAAMDFPGAKVIVPQLKGRVQRRRVGLMCEGAPMRAHSPILNMEGTKIGTVTSGCPSPSLKKNVAMGYVPCEYSRPGTMLLVEVRRKQQMAVVSKMPFVPTNYYTLK,Monica,T135A,0
31435,MQRAVSVVARLGFRLQAFPPALCRPLSCAQEVLRRTPLYDFHLAHGGKMVAFAGWSLPVQYRDSHTDSHLHTRQHCSLFDVSHMLQTKILGSDRVKLMESLVVGDIAELRPNQGTLSLFTNEAGGILDDLIVTNTSEGHLYGVSNAGCWEKDLALMQDKVRELQNQGRDVGLEVLDNALLALQGPTAAQVLQAGVADDLRKLPFMTSAVMEVFGVSGCRVTRCGYTGEDGVEISVPVAGAVHLATAILKNPEVKLAGLAARDSLRLEAGLCLYGNDIDEHTTPVEGSLSWTLGKRRRAAMDFPGAKVIVPQLKGRVQRRRVGLMCEGAPMRAHSPILNMEGTKIGTVTSGCPSPSLKKNVAMGYVPCEYSRPGTMLLVEVRRKQQMAVVSKMPFVPTNYYTLK,Monica,V142G,1
31436,MQRAVSVVARLGFRLQAFPPALCRPLSCAQEVLRRTPLYDFHLAHGGKMVAFAGWSLPVQYRDSHTDSHLHTRQHCSLFDVSHMLQTKILGSDRVKLMESLVVGDIAELRPNQGTLSLFTNEAGGILDDLIVTNTSEGHLYVVFNAGCWEKDLALMQDKVRELQNQGRDVGLEVLDNALLALQGPTAAQVLQAGVADDLRKLPFMTSAVMEVFGVSGCRVTRCGYTGEDGVEISVPVAGAVHLATAILKNPEVKLAGLAARDSLRLEAGLCLYGNDIDEHTTPVEGSLSWTLGKRRRAAMDFPGAKVIVPQLKGRVQRRRVGLMCEGAPMRAHSPILNMEGTKIGTVTSGCPSPSLKKNVAMGYVPCEYSRPGTMLLVEVRRKQQMAVVSKMPFVPTNYYTLK,Monica,S144F,1
31437,MQRAVSVVARLGFRLQAFPPALCRPLSCAQEVLRRTPLYDFHLAHGGKMVAFAGWSLPVQYRDSHTDSHLHTRQHCSLFDVSHMLQTKILGSDRVKLMESLVVGDIAELRPNQGTLSLFTNEAGGILDDLIVTNTSEGHLYVVSSAGCWEKDLALMQDKVRELQNQGRDVGLEVLDNALLALQGPTAAQVLQAGVADDLRKLPFMTSAVMEVFGVSGCRVTRCGYTGEDGVEISVPVAGAVHLATAILKNPEVKLAGLAARDSLRLEAGLCLYGNDIDEHTTPVEGSLSWTLGKRRRAAMDFPGAKVIVPQLKGRVQRRRVGLMCEGAPMRAHSPILNMEGTKIGTVTSGCPSPSLKKNVAMGYVPCEYSRPGTMLLVEVRRKQQMAVVSKMPFVPTNYYTLK,Monica,N145S,1
31438,MQRAVSVVARLGFRLQAFPPALCRPLSCAQEVLRRTPLYDFHLAHGGKMVAFAGWSLPVQYRDSHTDSHLHTRQHCSLFDVSHMLQTKILGSDRVKLMESLVVGDIAELRPNQGTLSLFTNEAGGILDDLIVTNTSEGHLYVVSIAGCWEKDLALMQDKVRELQNQGRDVGLEVLDNALLALQGPTAAQVLQAGVADDLRKLPFMTSAVMEVFGVSGCRVTRCGYTGEDGVEISVPVAGAVHLATAILKNPEVKLAGLAARDSLRLEAGLCLYGNDIDEHTTPVEGSLSWTLGKRRRAAMDFPGAKVIVPQLKGRVQRRRVGLMCEGAPMRAHSPILNMEGTKIGTVTSGCPSPSLKKNVAMGYVPCEYSRPGTMLLVEVRRKQQMAVVSKMPFVPTNYYTLK,Monica,N145I,1
