seq_id,protein_sequence,pH,data_source,mutations,label
31439,MQRAVSVVARLGFRLQAFPPALCRPLSCAQEVLRRTPLYDFHLAHGGKMVAFAGWSLPVQYRDSHTDSHLHTRQHCSLFDVSHMLQTKILGSDRVKLMESLVVGDIAELRPNQGTLSLFTNEAGGILDDLIVTNTSEGHLYVVSNTGCWEKDLALMQDKVRELQNQGRDVGLEVLDNALLALQGPTAAQVLQAGVADDLRKLPFMTSAVMEVFGVSGCRVTRCGYTGEDGVEISVPVAGAVHLATAILKNPEVKLAGLAARDSLRLEAGLCLYGNDIDEHTTPVEGSLSWTLGKRRRAAMDFPGAKVIVPQLKGRVQRRRVGLMCEGAPMRAHSPILNMEGTKIGTVTSGCPSPSLKKNVAMGYVPCEYSRPGTMLLVEVRRKQQMAVVSKMPFVPTNYYTLK,8,Monica,A146T,1
31440,MQRAVSVVARLGFRLQAFPPALCRPLSCAQEVLRRTPLYDFHLAHGGKMVAFAGWSLPVQYRDSHTDSHLHTRQHCSLFDVSHMLQTKILGSDRVKLMESLVVGDIAELRPNQGTLSLFTNEAGGILDDLIVTNTSEGHLYVVSNAGFWEKDLALMQDKVRELQNQGRDVGLEVLDNALLALQGPTAAQVLQAGVADDLRKLPFMTSAVMEVFGVSGCRVTRCGYTGEDGVEISVPVAGAVHLATAILKNPEVKLAGLAARDSLRLEAGLCLYGNDIDEHTTPVEGSLSWTLGKRRRAAMDFPGAKVIVPQLKGRVQRRRVGLMCEGAPMRAHSPILNMEGTKIGTVTSGCPSPSLKKNVAMGYVPCEYSRPGTMLLVEVRRKQQMAVVSKMPFVPTNYYTLK,8,Monica,C148F,1
31441,MQRAVSVVARLGFRLQAFPPALCRPLSCAQEVLRRTPLYDFHLAHGGKMVAFAGWSLPVQYRDSHTDSHLHTRQHCSLFDVSHMLQTKILGSDRVKLMESLVVGDIAELRPNQGTLSLFTNEAGGILDDLIVTNTSEGHLYVVSNAGCWEKDLAFMQDKVRELQNQGRDVGLEVLDNALLALQGPTAAQVLQAGVADDLRKLPFMTSAVMEVFGVSGCRVTRCGYTGEDGVEISVPVAGAVHLATAILKNPEVKLAGLAARDSLRLEAGLCLYGNDIDEHTTPVEGSLSWTLGKRRRAAMDFPGAKVIVPQLKGRVQRRRVGLMCEGAPMRAHSPILNMEGTKIGTVTSGCPSPSLKKNVAMGYVPCEYSRPGTMLLVEVRRKQQMAVVSKMPFVPTNYYTLK,8,Monica,L155F,0
31442,MQRAVSVVARLGFRLQAFPPALCRPLSCAQEVLRRTPLYDFHLAHGGKMVAFAGWSLPVQYRDSHTDSHLHTRQHCSLFDVSHMLQTKILGSDRVKLMESLVVGDIAELRPNQGTLSLFTNEAGGILDDLIVTNTSEGHLYVVSNAGCWEKDLALTQDKVRELQNQGRDVGLEVLDNALLALQGPTAAQVLQAGVADDLRKLPFMTSAVMEVFGVSGCRVTRCGYTGEDGVEISVPVAGAVHLATAILKNPEVKLAGLAARDSLRLEAGLCLYGNDIDEHTTPVEGSLSWTLGKRRRAAMDFPGAKVIVPQLKGRVQRRRVGLMCEGAPMRAHSPILNMEGTKIGTVTSGCPSPSLKKNVAMGYVPCEYSRPGTMLLVEVRRKQQMAVVSKMPFVPTNYYTLK,8,Monica,M156T,1
31443,MQRAVSVVARLGFRLQAFPPALCRPLSCAQEVLRRTPLYDFHLAHGGKMVAFAGWSLPVQYRDSHTDSHLHTRQHCSLFDVSHMLQTKILGSDRVKLMESLVVGDIAELRPNQGTLSLFTNEAGGILDDLIVTNTSEGHLYVVSNAGCWEKDLALMQDRVRELQNQGRDVGLEVLDNALLALQGPTAAQVLQAGVADDLRKLPFMTSAVMEVFGVSGCRVTRCGYTGEDGVEISVPVAGAVHLATAILKNPEVKLAGLAARDSLRLEAGLCLYGNDIDEHTTPVEGSLSWTLGKRRRAAMDFPGAKVIVPQLKGRVQRRRVGLMCEGAPMRAHSPILNMEGTKIGTVTSGCPSPSLKKNVAMGYVPCEYSRPGTMLLVEVRRKQQMAVVSKMPFVPTNYYTLK,8,Monica,K159R,0
31444,MQRAVSVVARLGFRLQAFPPALCRPLSCAQEVLRRTPLYDFHLAHGGKMVAFAGWSLPVQYRDSHTDSHLHTRQHCSLFDVSHMLQTKILGSDRVKLMESLVVGDIAELRPNQGTLSLFTNEAGGILDDLIVTNTSEGHLYVVSNAGCWEKDLALMQDKVRELQNQGTDVGLEVLDNALLALQGPTAAQVLQAGVADDLRKLPFMTSAVMEVFGVSGCRVTRCGYTGEDGVEISVPVAGAVHLATAILKNPEVKLAGLAARDSLRLEAGLCLYGNDIDEHTTPVEGSLSWTLGKRRRAAMDFPGAKVIVPQLKGRVQRRRVGLMCEGAPMRAHSPILNMEGTKIGTVTSGCPSPSLKKNVAMGYVPCEYSRPGTMLLVEVRRKQQMAVVSKMPFVPTNYYTLK,8,Monica,R168T,0
31445,MQRAVSVVARLGFRLQAFPPALCRPLSCAQEVLRRTPLYDFHLAHGGKMVAFAGWSLPVQYRDSHTDSHLHTRQHCSLFDVSHMLQTKILGSDRVKLMESLVVGDIAELRPNQGTLSLFTNEAGGILDDLIVTNTSEGHLYVVSNAGCWEKDLALMQDKVRELQNQGRDVGPEVLDNALLALQGPTAAQVLQAGVADDLRKLPFMTSAVMEVFGVSGCRVTRCGYTGEDGVEISVPVAGAVHLATAILKNPEVKLAGLAARDSLRLEAGLCLYGNDIDEHTTPVEGSLSWTLGKRRRAAMDFPGAKVIVPQLKGRVQRRRVGLMCEGAPMRAHSPILNMEGTKIGTVTSGCPSPSLKKNVAMGYVPCEYSRPGTMLLVEVRRKQQMAVVSKMPFVPTNYYTLK,8,Monica,L172P,1
31446,MQRAVSVVARLGFRLQAFPPALCRPLSCAQEVLRRTPLYDFHLAHGGKMVAFAGWSLPVQYRDSHTDSHLHTRQHCSLFDVSHMLQTKILGSDRVKLMESLVVGDIAELRPNQGTLSLFTNEAGGILDDLIVTNTSEGHLYVVSNAGCWEKDLALMQDKVRELQNQGRDVGLEVLDDALLALQGPTAAQVLQAGVADDLRKLPFMTSAVMEVFGVSGCRVTRCGYTGEDGVEISVPVAGAVHLATAILKNPEVKLAGLAARDSLRLEAGLCLYGNDIDEHTTPVEGSLSWTLGKRRRAAMDFPGAKVIVPQLKGRVQRRRVGLMCEGAPMRAHSPILNMEGTKIGTVTSGCPSPSLKKNVAMGYVPCEYSRPGTMLLVEVRRKQQMAVVSKMPFVPTNYYTLK,8,Monica,N177D,0
31447,MQRAVSVVARLGFRLQAFPPALCRPLSCAQEVLRRTPLYDFHLAHGGKMVAFAGWSLPVQYRDSHTDSHLHTRQHCSLFDVSHMLQTKILGSDRVKLMESLVVGDIAELRPNQGTLSLFTNEAGGILDDLIVTNTSEGHLYVVSNAGCWEKDLALMQDKVRELQNQGRDVGLEVLDNALLALQGPTAAPVLQAGVADDLRKLPFMTSAVMEVFGVSGCRVTRCGYTGEDGVEISVPVAGAVHLATAILKNPEVKLAGLAARDSLRLEAGLCLYGNDIDEHTTPVEGSLSWTLGKRRRAAMDFPGAKVIVPQLKGRVQRRRVGLMCEGAPMRAHSPILNMEGTKIGTVTSGCPSPSLKKNVAMGYVPCEYSRPGTMLLVEVRRKQQMAVVSKMPFVPTNYYTLK,8,Monica,Q189P,0
31448,MQRAVSVVARLGFRLQAFPPALCRPLSCAQEVLRRTPLYDFHLAHGGKMVAFAGWSLPVQYRDSHTDSHLHTRQHCSLFDVSHMLQTKILGSDRVKLMESLVVGDIAELRPNQGTLSLFTNEAGGILDDLIVTNTSEGHLYVVSNAGCWEKDLALMQDKVRELQNQGRDVGLEVLDNALLALQGPTAAQVLQAGAADDLRKLPFMTSAVMEVFGVSGCRVTRCGYTGEDGVEISVPVAGAVHLATAILKNPEVKLAGLAARDSLRLEAGLCLYGNDIDEHTTPVEGSLSWTLGKRRRAAMDFPGAKVIVPQLKGRVQRRRVGLMCEGAPMRAHSPILNMEGTKIGTVTSGCPSPSLKKNVAMGYVPCEYSRPGTMLLVEVRRKQQMAVVSKMPFVPTNYYTLK,8,Monica,V195A,0
31449,MQRAVSVVARLGFRLQAFPPALCRPLSCAQEVLRRTPLYDFHLAHGGKMVAFAGWSLPVQYRDSHTDSHLHTRQHCSLFDVSHMLQTKILGSDRVKLMESLVVGDIAELRPNQGTLSLFTNEAGGILDDLIVTNTSEGHLYVVSNAGCWEKDLALMQDKVRELQNQGRDVGLEVLDNALLALQGPTAAQVLQAGMADDLRKLPFMTSAVMEVFGVSGCRVTRCGYTGEDGVEISVPVAGAVHLATAILKNPEVKLAGLAARDSLRLEAGLCLYGNDIDEHTTPVEGSLSWTLGKRRRAAMDFPGAKVIVPQLKGRVQRRRVGLMCEGAPMRAHSPILNMEGTKIGTVTSGCPSPSLKKNVAMGYVPCEYSRPGTMLLVEVRRKQQMAVVSKMPFVPTNYYTLK,8,Monica,V195M,0
31450,MQRAVSVVARLGFRLQAFPPALCRPLSCAQEVLRRTPLYDFHLAHGGKMVAFAGWSLPVQYRDSHTDSHLHTRQHCSLFDVSHMLQTKILGSDRVKLMESLVVGDIAELRPNQGTLSLFTNEAGGILDDLIVTNTSEGHLYVVSNAGCWEKDLALMQDKVRELQNQGRDVGLEVLDNALLALQGPTAAQVLQAGVAHDLRKLPFMTSAVMEVFGVSGCRVTRCGYTGEDGVEISVPVAGAVHLATAILKNPEVKLAGLAARDSLRLEAGLCLYGNDIDEHTTPVEGSLSWTLGKRRRAAMDFPGAKVIVPQLKGRVQRRRVGLMCEGAPMRAHSPILNMEGTKIGTVTSGCPSPSLKKNVAMGYVPCEYSRPGTMLLVEVRRKQQMAVVSKMPFVPTNYYTLK,8,Monica,D197H,0
31451,MQRAVSVVARLGFRLQAFPPALCRPLSCAQEVLRRTPLYDFHLAHGGKMVAFAGWSLPVQYRDSHTDSHLHTRQHCSLFDVSHMLQTKILGSDRVKLMESLVVGDIAELRPNQGTLSLFTNEAGGILDDLIVTNTSEGHLYVVSNAGCWEKDLALMQDKVRELQNQGRDVGLEVLDNALLALQGPTAAQVLQAGVANDLRKLPFMTSAVMEVFGVSGCRVTRCGYTGEDGVEISVPVAGAVHLATAILKNPEVKLAGLAARDSLRLEAGLCLYGNDIDEHTTPVEGSLSWTLGKRRRAAMDFPGAKVIVPQLKGRVQRRRVGLMCEGAPMRAHSPILNMEGTKIGTVTSGCPSPSLKKNVAMGYVPCEYSRPGTMLLVEVRRKQQMAVVSKMPFVPTNYYTLK,8,Monica,D197N,0
31452,MQRAVSVVARLGFRLQAFPPALCRPLSCAQEVLRRTPLYDFHLAHGGKMVAFAGWSLPVQYRDSHTDSHLHTRQHCSLFDVSHMLQTKILGSDRVKLMESLVVGDIAELRPNQGTLSLFTNEAGGILDDLIVTNTSEGHLYVVSNAGCWEKDLALMQDKVRELQNQGRDVGLEVLDNALLALQGPTAAQVLQAGVADVLRKLPFMTSAVMEVFGVSGCRVTRCGYTGEDGVEISVPVAGAVHLATAILKNPEVKLAGLAARDSLRLEAGLCLYGNDIDEHTTPVEGSLSWTLGKRRRAAMDFPGAKVIVPQLKGRVQRRRVGLMCEGAPMRAHSPILNMEGTKIGTVTSGCPSPSLKKNVAMGYVPCEYSRPGTMLLVEVRRKQQMAVVSKMPFVPTNYYTLK,8,Monica,D198V,1
31453,MQRAVSVVARLGFRLQAFPPALCRPLSCAQEVLRRTPLYDFHLAHGGKMVAFAGWSLPVQYRDSHTDSHLHTRQHCSLFDVSHMLQTKILGSDRVKLMESLVVGDIAELRPNQGTLSLFTNEAGGILDDLIVTNTSEGHLYVVSNAGCWEKDLALMQDKVRELQNQGRDVGLEVLDNALLALQGPTAAQVLQAGVADDLRKLPFVTSAVMEVFGVSGCRVTRCGYTGEDGVEISVPVAGAVHLATAILKNPEVKLAGLAARDSLRLEAGLCLYGNDIDEHTTPVEGSLSWTLGKRRRAAMDFPGAKVIVPQLKGRVQRRRVGLMCEGAPMRAHSPILNMEGTKIGTVTSGCPSPSLKKNVAMGYVPCEYSRPGTMLLVEVRRKQQMAVVSKMPFVPTNYYTLK,8,Monica,M205V,1
31454,MQRAVSVVARLGFRLQAFPPALCRPLSCAQEVLRRTPLYDFHLAHGGKMVAFAGWSLPVQYRDSHTDSHLHTRQHCSLFDVSHMLQTKILGSDRVKLMESLVVGDIAELRPNQGTLSLFTNEAGGILDDLIVTNTSEGHLYVVSNAGCWEKDLALMQDKVRELQNQGRDVGLEVLDNALLALQGPTAAQVLQAGVADDLRKLPFRTSAVMEVFGVSGCRVTRCGYTGEDGVEISVPVAGAVHLATAILKNPEVKLAGLAARDSLRLEAGLCLYGNDIDEHTTPVEGSLSWTLGKRRRAAMDFPGAKVIVPQLKGRVQRRRVGLMCEGAPMRAHSPILNMEGTKIGTVTSGCPSPSLKKNVAMGYVPCEYSRPGTMLLVEVRRKQQMAVVSKMPFVPTNYYTLK,8,Monica,M205R,1
31455,MQRAVSVVARLGFRLQAFPPALCRPLSCAQEVLRRTPLYDFHLAHGGKMVAFAGWSLPVQYRDSHTDSHLHTRQHCSLFDVSHMLQTKILGSDRVKLMESLVVGDIAELRPNQGTLSLFTNEAGGILDDLIVTNTSEGHLYVVSNAGCWEKDLALMQDKVRELQNQGRDVGLEVLDNALLALQGPTAAQVLQAGVADDLRKLPFMTSAMMEVFGVSGCRVTRCGYTGEDGVEISVPVAGAVHLATAILKNPEVKLAGLAARDSLRLEAGLCLYGNDIDEHTTPVEGSLSWTLGKRRRAAMDFPGAKVIVPQLKGRVQRRRVGLMCEGAPMRAHSPILNMEGTKIGTVTSGCPSPSLKKNVAMGYVPCEYSRPGTMLLVEVRRKQQMAVVSKMPFVPTNYYTLK,8,Monica,V209M,0
31456,MQRAVSVVARLGFRLQAFPPALCRPLSCAQEVLRRTPLYDFHLAHGGKMVAFAGWSLPVQYRDSHTDSHLHTRQHCSLFDVSHMLQTKILGSDRVKLMESLVVGDIAELRPNQGTLSLFTNEAGGILDDLIVTNTSEGHLYVVSNAGCWEKDLALMQDKVRELQNQGRDVGLEVLDNALLALQGPTAAQVLQAGVADDLRKLPFMTSAVMKVFGVSGCRVTRCGYTGEDGVEISVPVAGAVHLATAILKNPEVKLAGLAARDSLRLEAGLCLYGNDIDEHTTPVEGSLSWTLGKRRRAAMDFPGAKVIVPQLKGRVQRRRVGLMCEGAPMRAHSPILNMEGTKIGTVTSGCPSPSLKKNVAMGYVPCEYSRPGTMLLVEVRRKQQMAVVSKMPFVPTNYYTLK,8,Monica,E211K,0
31457,MQRAVSVVARLGFRLQAFPPALCRPLSCAQEVLRRTPLYDFHLAHGGKMVAFAGWSLPVQYRDSHTDSHLHTRQHCSLFDVSHMLQTKILGSDRVKLMESLVVGDIAELRPNQGTLSLFTNEAGGILDDLIVTNTSEGHLYVVSNAGCWEKDLALMQDKVRELQNQGRDVGLEVLDNALLALQGPTAAQVLQAGVADDLRKLPFMTSAVMEAFGVSGCRVTRCGYTGEDGVEISVPVAGAVHLATAILKNPEVKLAGLAARDSLRLEAGLCLYGNDIDEHTTPVEGSLSWTLGKRRRAAMDFPGAKVIVPQLKGRVQRRRVGLMCEGAPMRAHSPILNMEGTKIGTVTSGCPSPSLKKNVAMGYVPCEYSRPGTMLLVEVRRKQQMAVVSKMPFVPTNYYTLK,8,Monica,V212A,1
31458,MQRAVSVVARLGFRLQAFPPALCRPLSCAQEVLRRTPLYDFHLAHGGKMVAFAGWSLPVQYRDSHTDSHLHTRQHCSLFDVSHMLQTKILGSDRVKLMESLVVGDIAELRPNQGTLSLFTNEAGGILDDLIVTNTSEGHLYVVSNAGCWEKDLALMQDKVRELQNQGRDVGLEVLDNALLALQGPTAAQVLQAGVADDLRKLPFMTSAVMEVCGVSGCRVTRCGYTGEDGVEISVPVAGAVHLATAILKNPEVKLAGLAARDSLRLEAGLCLYGNDIDEHTTPVEGSLSWTLGKRRRAAMDFPGAKVIVPQLKGRVQRRRVGLMCEGAPMRAHSPILNMEGTKIGTVTSGCPSPSLKKNVAMGYVPCEYSRPGTMLLVEVRRKQQMAVVSKMPFVPTNYYTLK,8,Monica,F213C,0
31459,MQRAVSVVARLGFRLQAFPPALCRPLSCAQEVLRRTPLYDFHLAHGGKMVAFAGWSLPVQYRDSHTDSHLHTRQHCSLFDVSHMLQTKILGSDRVKLMESLVVGDIAELRPNQGTLSLFTNEAGGILDDLIVTNTSEGHLYVVSNAGCWEKDLALMQDKVRELQNQGRDVGLEVLDNALLALQGPTAAQVLQAGVADDLRKLPFMTSAVMEVFGMSGCRVTRCGYTGEDGVEISVPVAGAVHLATAILKNPEVKLAGLAARDSLRLEAGLCLYGNDIDEHTTPVEGSLSWTLGKRRRAAMDFPGAKVIVPQLKGRVQRRRVGLMCEGAPMRAHSPILNMEGTKIGTVTSGCPSPSLKKNVAMGYVPCEYSRPGTMLLVEVRRKQQMAVVSKMPFVPTNYYTLK,8,Monica,V215M,0
31460,MQRAVSVVARLGFRLQAFPPALCRPLSCAQEVLRRTPLYDFHLAHGGKMVAFAGWSLPVQYRDSHTDSHLHTRQHCSLFDVSHMLQTKILGSDRVKLMESLVVGDIAELRPNQGTLSLFTNEAGGILDDLIVTNTSEGHLYVVSNAGCWEKDLALMQDKVRELQNQGRDVGLEVLDNALLALQGPTAAQVLQAGVADDLRKLPFMTSAVMEVFGLSGCRVTRCGYTGEDGVEISVPVAGAVHLATAILKNPEVKLAGLAARDSLRLEAGLCLYGNDIDEHTTPVEGSLSWTLGKRRRAAMDFPGAKVIVPQLKGRVQRRRVGLMCEGAPMRAHSPILNMEGTKIGTVTSGCPSPSLKKNVAMGYVPCEYSRPGTMLLVEVRRKQQMAVVSKMPFVPTNYYTLK,8,Monica,V215L,0
31461,MQRAVSVVARLGFRLQAFPPALCRPLSCAQEVLRRTPLYDFHLAHGGKMVAFAGWSLPVQYRDSHTDSHLHTRQHCSLFDVSHMLQTKILGSDRVKLMESLVVGDIAELRPNQGTLSLFTNEAGGILDDLIVTNTSEGHLYVVSNAGCWEKDLALMQDKVRELQNQGRDVGLEVLDNALLALQGPTAAQVLQAGVADDLRKLPFMTSAVMEVFGVSGCHVTRCGYTGEDGVEISVPVAGAVHLATAILKNPEVKLAGLAARDSLRLEAGLCLYGNDIDEHTTPVEGSLSWTLGKRRRAAMDFPGAKVIVPQLKGRVQRRRVGLMCEGAPMRAHSPILNMEGTKIGTVTSGCPSPSLKKNVAMGYVPCEYSRPGTMLLVEVRRKQQMAVVSKMPFVPTNYYTLK,8,Monica,R219H,0
31462,MQRAVSVVARLGFRLQAFPPALCRPLSCAQEVLRRTPLYDFHLAHGGKMVAFAGWSLPVQYRDSHTDSHLHTRQHCSLFDVSHMLQTKILGSDRVKLMESLVVGDIAELRPNQGTLSLFTNEAGGILDDLIVTNTSEGHLYVVSNAGCWEKDLALMQDKVRELQNQGRDVGLEVLDNALLALQGPTAAQVLQAGVADDLRKLPFMTSAVMEVFGVSGCRMTRCGYTGEDGVEISVPVAGAVHLATAILKNPEVKLAGLAARDSLRLEAGLCLYGNDIDEHTTPVEGSLSWTLGKRRRAAMDFPGAKVIVPQLKGRVQRRRVGLMCEGAPMRAHSPILNMEGTKIGTVTSGCPSPSLKKNVAMGYVPCEYSRPGTMLLVEVRRKQQMAVVSKMPFVPTNYYTLK,8,Monica,V220M,0
31463,MQRAVSVVARLGFRLQAFPPALCRPLSCAQEVLRRTPLYDFHLAHGGKMVAFAGWSLPVQYRDSHTDSHLHTRQHCSLFDVSHMLQTKILGSDRVKLMESLVVGDIAELRPNQGTLSLFTNEAGGILDDLIVTNTSEGHLYVVSNAGCWEKDLALMQDKVRELQNQGRDVGLEVLDNALLALQGPTAAQVLQAGVADDLRKLPFMTSAVMEVFGVSGCRVTSCGYTGEDGVEISVPVAGAVHLATAILKNPEVKLAGLAARDSLRLEAGLCLYGNDIDEHTTPVEGSLSWTLGKRRRAAMDFPGAKVIVPQLKGRVQRRRVGLMCEGAPMRAHSPILNMEGTKIGTVTSGCPSPSLKKNVAMGYVPCEYSRPGTMLLVEVRRKQQMAVVSKMPFVPTNYYTLK,8,Monica,R222S,1
31464,MQRAVSVVARLGFRLQAFPPALCRPLSCAQEVLRRTPLYDFHLAHGGKMVAFAGWSLPVQYRDSHTDSHLHTRQHCSLFDVSHMLQTKILGSDRVKLMESLVVGDIAELRPNQGTLSLFTNEAGGILDDLIVTNTSEGHLYVVSNAGCWEKDLALMQDKVRELQNQGRDVGLEVLDNALLALQGPTAAQVLQAGVADDLRKLPFMTSAVMEVFGVSGCRVTHCGYTGEDGVEISVPVAGAVHLATAILKNPEVKLAGLAARDSLRLEAGLCLYGNDIDEHTTPVEGSLSWTLGKRRRAAMDFPGAKVIVPQLKGRVQRRRVGLMCEGAPMRAHSPILNMEGTKIGTVTSGCPSPSLKKNVAMGYVPCEYSRPGTMLLVEVRRKQQMAVVSKMPFVPTNYYTLK,8,Monica,R222H,1
31465,MQRAVSVVARLGFRLQAFPPALCRPLSCAQEVLRRTPLYDFHLAHGGKMVAFAGWSLPVQYRDSHTDSHLHTRQHCSLFDVSHMLQTKILGSDRVKLMESLVVGDIAELRPNQGTLSLFTNEAGGILDDLIVTNTSEGHLYVVSNAGCWEKDLALMQDKVRELQNQGRDVGLEVLDNALLALQGPTAAQVLQAGVADDLRKLPFMTSAVMEVFGVSGCRVTLCGYTGEDGVEISVPVAGAVHLATAILKNPEVKLAGLAARDSLRLEAGLCLYGNDIDEHTTPVEGSLSWTLGKRRRAAMDFPGAKVIVPQLKGRVQRRRVGLMCEGAPMRAHSPILNMEGTKIGTVTSGCPSPSLKKNVAMGYVPCEYSRPGTMLLVEVRRKQQMAVVSKMPFVPTNYYTLK,8,Monica,R222L,1
31466,MQRAVSVVARLGFRLQAFPPALCRPLSCAQEVLRRTPLYDFHLAHGGKMVAFAGWSLPVQYRDSHTDSHLHTRQHCSLFDVSHMLQTKILGSDRVKLMESLVVGDIAELRPNQGTLSLFTNEAGGILDDLIVTNTSEGHLYVVSNAGCWEKDLALMQDKVRELQNQGRDVGLEVLDNALLALQGPTAAQVLQAGVADDLRKLPFMTSAVMEVFGVSGCRVTCCGYTGEDGVEISVPVAGAVHLATAILKNPEVKLAGLAARDSLRLEAGLCLYGNDIDEHTTPVEGSLSWTLGKRRRAAMDFPGAKVIVPQLKGRVQRRRVGLMCEGAPMRAHSPILNMEGTKIGTVTSGCPSPSLKKNVAMGYVPCEYSRPGTMLLVEVRRKQQMAVVSKMPFVPTNYYTLK,8,Monica,R222C,1
31467,MQRAVSVVARLGFRLQAFPPALCRPLSCAQEVLRRTPLYDFHLAHGGKMVAFAGWSLPVQYRDSHTDSHLHTRQHCSLFDVSHMLQTKILGSDRVKLMESLVVGDIAELRPNQGTLSLFTNEAGGILDDLIVTNTSEGHLYVVSNAGCWEKDLALMQDKVRELQNQGRDVGLEVLDNALLALQGPTAAQVLQAGVADDLRKLPFMTSAVMEVFGVSGCRVTRCGCTGEDGVEISVPVAGAVHLATAILKNPEVKLAGLAARDSLRLEAGLCLYGNDIDEHTTPVEGSLSWTLGKRRRAAMDFPGAKVIVPQLKGRVQRRRVGLMCEGAPMRAHSPILNMEGTKIGTVTSGCPSPSLKKNVAMGYVPCEYSRPGTMLLVEVRRKQQMAVVSKMPFVPTNYYTLK,8,Monica,Y225C,1
31468,MQRAVSVVARLGFRLQAFPPALCRPLSCAQEVLRRTPLYDFHLAHGGKMVAFAGWSLPVQYRDSHTDSHLHTRQHCSLFDVSHMLQTKILGSDRVKLMESLVVGDIAELRPNQGTLSLFTNEAGGILDDLIVTNTSEGHLYVVSNAGCWEKDLALMQDKVRELQNQGRDVGLEVLDNALLALQGPTAAQVLQAGVADDLRKLPFMTSAVMEVFGVSGCRVTRCGYIGEDGVEISVPVAGAVHLATAILKNPEVKLAGLAARDSLRLEAGLCLYGNDIDEHTTPVEGSLSWTLGKRRRAAMDFPGAKVIVPQLKGRVQRRRVGLMCEGAPMRAHSPILNMEGTKIGTVTSGCPSPSLKKNVAMGYVPCEYSRPGTMLLVEVRRKQQMAVVSKMPFVPTNYYTLK,8,Monica,T226I,1
31469,MQRAVSVVARLGFRLQAFPPALCRPLSCAQEVLRRTPLYDFHLAHGGKMVAFAGWSLPVQYRDSHTDSHLHTRQHCSLFDVSHMLQTKILGSDRVKLMESLVVGDIAELRPNQGTLSLFTNEAGGILDDLIVTNTSEGHLYVVSNAGCWEKDLALMQDKVRELQNQGRDVGLEVLDNALLALQGPTAAQVLQAGVADDLRKLPFMTSAVMEVFGVSGCRVTRCGYTGEHGVEISVPVAGAVHLATAILKNPEVKLAGLAARDSLRLEAGLCLYGNDIDEHTTPVEGSLSWTLGKRRRAAMDFPGAKVIVPQLKGRVQRRRVGLMCEGAPMRAHSPILNMEGTKIGTVTSGCPSPSLKKNVAMGYVPCEYSRPGTMLLVEVRRKQQMAVVSKMPFVPTNYYTLK,8,Monica,D229H,1
31470,MQRAVSVVARLGFRLQAFPPALCRPLSCAQEVLRRTPLYDFHLAHGGKMVAFAGWSLPVQYRDSHTDSHLHTRQHCSLFDVSHMLQTKILGSDRVKLMESLVVGDIAELRPNQGTLSLFTNEAGGILDDLIVTNTSEGHLYVVSNAGCWEKDLALMQDKVRELQNQGRDVGLEVLDNALLALQGPTAAQVLQAGVADDLRKLPFMTSAVMEVFGVSGCRVTRCGYTGEDGVEILVPVAGAVHLATAILKNPEVKLAGLAARDSLRLEAGLCLYGNDIDEHTTPVEGSLSWTLGKRRRAAMDFPGAKVIVPQLKGRVQRRRVGLMCEGAPMRAHSPILNMEGTKIGTVTSGCPSPSLKKNVAMGYVPCEYSRPGTMLLVEVRRKQQMAVVSKMPFVPTNYYTLK,8,Monica,S234L,1
31471,MQRAVSVVARLGFRLQAFPPALCRPLSCAQEVLRRTPLYDFHLAHGGKMVAFAGWSLPVQYRDSHTDSHLHTRQHCSLFDVSHMLQTKILGSDRVKLMESLVVGDIAELRPNQGTLSLFTNEAGGILDDLIVTNTSEGHLYVVSNAGCWEKDLALMQDKVRELQNQGRDVGLEVLDNALLALQGPTAAQVLQAGVADDLRKLPFMTSAVMEVFGVSGCRVTRCGYTGEDGVEISVPVVGAVHLATAILKNPEVKLAGLAARDSLRLEAGLCLYGNDIDEHTTPVEGSLSWTLGKRRRAAMDFPGAKVIVPQLKGRVQRRRVGLMCEGAPMRAHSPILNMEGTKIGTVTSGCPSPSLKKNVAMGYVPCEYSRPGTMLLVEVRRKQQMAVVSKMPFVPTNYYTLK,8,Monica,A238V,0
31472,MQRAVSVVARLGFRLQAFPPALCRPLSCAQEVLRRTPLYDFHLAHGGKMVAFAGWSLPVQYRDSHTDSHLHTRQHCSLFDVSHMLQTKILGSDRVKLMESLVVGDIAELRPNQGTLSLFTNEAGGILDDLIVTNTSEGHLYVVSNAGCWEKDLALMQDKVRELQNQGRDVGLEVLDNALLALQGPTAAQVLQAGVADDLRKLPFMTSAVMEVFGVSGCRVTRCGYTGEDGVEISVPVAGVVHLATAILKNPEVKLAGLAARDSLRLEAGLCLYGNDIDEHTTPVEGSLSWTLGKRRRAAMDFPGAKVIVPQLKGRVQRRRVGLMCEGAPMRAHSPILNMEGTKIGTVTSGCPSPSLKKNVAMGYVPCEYSRPGTMLLVEVRRKQQMAVVSKMPFVPTNYYTLK,8,Monica,A240V,0
31473,MQRAVSVVARLGFRLQAFPPALCRPLSCAQEVLRRTPLYDFHLAHGGKMVAFAGWSLPVQYRDSHTDSHLHTRQHCSLFDVSHMLQTKILGSDRVKLMESLVVGDIAELRPNQGTLSLFTNEAGGILDDLIVTNTSEGHLYVVSNAGCWEKDLALMQDKVRELQNQGRDVGLEVLDNALLALQGPTAAQVLQAGVADDLRKLPFMTSAVMEVFGVSGCRVTRCGYTGEDGVEISVPVAGAIHLATAILKNPEVKLAGLAARDSLRLEAGLCLYGNDIDEHTTPVEGSLSWTLGKRRRAAMDFPGAKVIVPQLKGRVQRRRVGLMCEGAPMRAHSPILNMEGTKIGTVTSGCPSPSLKKNVAMGYVPCEYSRPGTMLLVEVRRKQQMAVVSKMPFVPTNYYTLK,8,Monica,V241I,0
31474,MQRAVSVVARLGFRLQAFPPALCRPLSCAQEVLRRTPLYDFHLAHGGKMVAFAGWSLPVQYRDSHTDSHLHTRQHCSLFDVSHMLQTKILGSDRVKLMESLVVGDIAELRPNQGTLSLFTNEAGGILDDLIVTNTSEGHLYVVSNAGCWEKDLALMQDKVRELQNQGRDVGLEVLDNALLALQGPTAAQVLQAGVADDLRKLPFMTSAVMEVFGVSGCRVTRCGYTGEDGVEISVPVAGAVHMATAILKNPEVKLAGLAARDSLRLEAGLCLYGNDIDEHTTPVEGSLSWTLGKRRRAAMDFPGAKVIVPQLKGRVQRRRVGLMCEGAPMRAHSPILNMEGTKIGTVTSGCPSPSLKKNVAMGYVPCEYSRPGTMLLVEVRRKQQMAVVSKMPFVPTNYYTLK,8,Monica,L243M,0
31475,MQRAVSVVARLGFRLQAFPPALCRPLSCAQEVLRRTPLYDFHLAHGGKMVAFAGWSLPVQYRDSHTDSHLHTRQHCSLFDVSHMLQTKILGSDRVKLMESLVVGDIAELRPNQGTLSLFTNEAGGILDDLIVTNTSEGHLYVVSNAGCWEKDLALMQDKVRELQNQGRDVGLEVLDNALLALQGPTAAQVLQAGVADDLRKLPFMTSAVMEVFGVSGCRVTRCGYTGEDGVEISVPVAGAVHLATAILKNREVKLAGLAARDSLRLEAGLCLYGNDIDEHTTPVEGSLSWTLGKRRRAAMDFPGAKVIVPQLKGRVQRRRVGLMCEGAPMRAHSPILNMEGTKIGTVTSGCPSPSLKKNVAMGYVPCEYSRPGTMLLVEVRRKQQMAVVSKMPFVPTNYYTLK,8,Monica,P251R,1
31476,MQRAVSVVARLGFRLQAFPPALCRPLSCAQEVLRRTPLYDFHLAHGGKMVAFAGWSLPVQYRDSHTDSHLHTRQHCSLFDVSHMLQTKILGSDRVKLMESLVVGDIAELRPNQGTLSLFTNEAGGILDDLIVTNTSEGHLYVVSNAGCWEKDLALMQDKVRELQNQGRDVGLEVLDNALLALQGPTAAQVLQAGVADDLRKLPFMTSAVMEVFGVSGCRVTRCGYTGEDGVEISVPVAGAVHLATAILKNPEVKLAGLAARDSLHLEAGLCLYGNDIDEHTTPVEGSLSWTLGKRRRAAMDFPGAKVIVPQLKGRVQRRRVGLMCEGAPMRAHSPILNMEGTKIGTVTSGCPSPSLKKNVAMGYVPCEYSRPGTMLLVEVRRKQQMAVVSKMPFVPTNYYTLK,8,Monica,R265H,1
31477,MQRAVSVVARLGFRLQAFPPALCRPLSCAQEVLRRTPLYDFHLAHGGKMVAFAGWSLPVQYRDSHTDSHLHTRQHCSLFDVSHMLQTKILGSDRVKLMESLVVGDIAELRPNQGTLSLFTNEAGGILDDLIVTNTSEGHLYVVSNAGCWEKDLALMQDKVRELQNQGRDVGLEVLDNALLALQGPTAAQVLQAGVADDLRKLPFMTSAVMEVFGVSGCRVTRCGYTGEDGVEISVPVAGAVHLATAILKNPEVKLAGLAARDSLCLEAGLCLYGNDIDEHTTPVEGSLSWTLGKRRRAAMDFPGAKVIVPQLKGRVQRRRVGLMCEGAPMRAHSPILNMEGTKIGTVTSGCPSPSLKKNVAMGYVPCEYSRPGTMLLVEVRRKQQMAVVSKMPFVPTNYYTLK,8,Monica,R265C,1
31478,MQRAVSVVARLGFRLQAFPPALCRPLSCAQEVLRRTPLYDFHLAHGGKMVAFAGWSLPVQYRDSHTDSHLHTRQHCSLFDVSHMLQTKILGSDRVKLMESLVVGDIAELRPNQGTLSLFTNEAGGILDDLIVTNTSEGHLYVVSNAGCWEKDLALMQDKVRELQNQGRDVGLEVLDNALLALQGPTAAQVLQAGVADDLRKLPFMTSAVMEVFGVSGCRVTRCGYTGEDGVEISVPVAGAVHLATAILKNPEVKLAGLAARDSLRPEAGLCLYGNDIDEHTTPVEGSLSWTLGKRRRAAMDFPGAKVIVPQLKGRVQRRRVGLMCEGAPMRAHSPILNMEGTKIGTVTSGCPSPSLKKNVAMGYVPCEYSRPGTMLLVEVRRKQQMAVVSKMPFVPTNYYTLK,8,Monica,L266P,1
31479,MQRAVSVVARLGFRLQAFPPALCRPLSCAQEVLRRTPLYDFHLAHGGKMVAFAGWSLPVQYRDSHTDSHLHTRQHCSLFDVSHMLQTKILGSDRVKLMESLVVGDIAELRPNQGTLSLFTNEAGGILDDLIVTNTSEGHLYVVSNAGCWEKDLALMQDKVRELQNQGRDVGLEVLDNALLALQGPTAAQVLQAGVADDLRKLPFMTSAVMEVFGVSGCRVTRCGYTGEDGVEISVPVAGAVHLATAILKNPEVKLAGLAARDSLRLEASLCLYGNDIDEHTTPVEGSLSWTLGKRRRAAMDFPGAKVIVPQLKGRVQRRRVGLMCEGAPMRAHSPILNMEGTKIGTVTSGCPSPSLKKNVAMGYVPCEYSRPGTMLLVEVRRKQQMAVVSKMPFVPTNYYTLK,8,Monica,G269S,1
31480,MQRAVSVVARLGFRLQAFPPALCRPLSCAQEVLRRTPLYDFHLAHGGKMVAFAGWSLPVQYRDSHTDSHLHTRQHCSLFDVSHMLQTKILGSDRVKLMESLVVGDIAELRPNQGTLSLFTNEAGGILDDLIVTNTSEGHLYVVSNAGCWEKDLALMQDKVRELQNQGRDVGLEVLDNALLALQGPTAAQVLQAGVADDLRKLPFMTSAVMEVFGVSGCRVTRCGYTGEDGVEISVPVAGAVHLATAILKNPEVKLAGLAARDSLRLEADLCLYGNDIDEHTTPVEGSLSWTLGKRRRAAMDFPGAKVIVPQLKGRVQRRRVGLMCEGAPMRAHSPILNMEGTKIGTVTSGCPSPSLKKNVAMGYVPCEYSRPGTMLLVEVRRKQQMAVVSKMPFVPTNYYTLK,8,Monica,G269D,1
31481,MQRAVSVVARLGFRLQAFPPALCRPLSCAQEVLRRTPLYDFHLAHGGKMVAFAGWSLPVQYRDSHTDSHLHTRQHCSLFDVSHMLQTKILGSDRVKLMESLVVGDIAELRPNQGTLSLFTNEAGGILDDLIVTNTSEGHLYVVSNAGCWEKDLALMQDKVRELQNQGRDVGLEVLDNALLALQGPTAAQVLQAGVADDLRKLPFMTSAVMEVFGVSGCRVTRCGYTGEDGVEISVPVAGAVHLATAILKNPEVKLAGLAARDSLRLEAGLCLYGKDIDEHTTPVEGSLSWTLGKRRRAAMDFPGAKVIVPQLKGRVQRRRVGLMCEGAPMRAHSPILNMEGTKIGTVTSGCPSPSLKKNVAMGYVPCEYSRPGTMLLVEVRRKQQMAVVSKMPFVPTNYYTLK,8,Monica,N275K,1
31482,MQRAVSVVARLGFRLQAFPPALCRPLSCAQEVLRRTPLYDFHLAHGGKMVAFAGWSLPVQYRDSHTDSHLHTRQHCSLFDVSHMLQTKILGSDRVKLMESLVVGDIAELRPNQGTLSLFTNEAGGILDDLIVTNTSEGHLYVVSNAGCWEKDLALMQDKVRELQNQGRDVGLEVLDNALLALQGPTAAQVLQAGVADDLRKLPFMTSAVMEVFGVSGCRVTRCGYTGEDGVEISVPVAGAVHLATAILKNPEVKLAGLAARDSLRLEAGLCLYGNHIDEHTTPVEGSLSWTLGKRRRAAMDFPGAKVIVPQLKGRVQRRRVGLMCEGAPMRAHSPILNMEGTKIGTVTSGCPSPSLKKNVAMGYVPCEYSRPGTMLLVEVRRKQQMAVVSKMPFVPTNYYTLK,8,Monica,D276H,1
31483,MQRAVSVVARLGFRLQAFPPALCRPLSCAQEVLRRTPLYDFHLAHGGKMVAFAGWSLPVQYRDSHTDSHLHTRQHCSLFDVSHMLQTKILGSDRVKLMESLVVGDIAELRPNQGTLSLFTNEAGGILDDLIVTNTSEGHLYVVSNAGCWEKDLALMQDKVRELQNQGRDVGLEVLDNALLALQGPTAAQVLQAGVADDLRKLPFMTSAVMEVFGVSGCRVTRCGYTGEDGVEISVPVAGAVHLATAILKNPEVKLAGLAARDSLRLEAGLCLYGNHIDEHTTPVEGSLSWTLGKRRRAAMDFPGAKVIVPQLKGRVQRRRVGLMCEGAPMRAHSPILNMEGTKIGTVTSGCPSPSLKKNVAMGYVPCEYSRPGTMLLVEVRRKQQMAVVSKMPFVPTNYYTLK,8,Monica,D276H,1
31484,MQRAVSVVARLGFRLQAFPPALCRPLSCAQEVLRRTPLYDFHLAHGGKMVAFAGWSLPVQYRDSHTDSHLHTRQHCSLFDVSHMLQTKILGSDRVKLMESLVVGDIAELRPNQGTLSLFTNEAGGILDDLIVTNTSEGHLYVVSNAGCWEKDLALMQDKVRELQNQGRDVGLEVLDNALLALQGPTAAQVLQAGVADDLRKLPFMTSAVMEVFGVSGCRVTRCGYTGEDGVEISVPVAGAVHLATAILKNPEVKLAGLAARDSLRLEAGLCLYGNDTDEHTTPVEGSLSWTLGKRRRAAMDFPGAKVIVPQLKGRVQRRRVGLMCEGAPMRAHSPILNMEGTKIGTVTSGCPSPSLKKNVAMGYVPCEYSRPGTMLLVEVRRKQQMAVVSKMPFVPTNYYTLK,8,Monica,I277T,1
31485,MQRAVSVVARLGFRLQAFPPALCRPLSCAQEVLRRTPLYDFHLAHGGKMVAFAGWSLPVQYRDSHTDSHLHTRQHCSLFDVSHMLQTKILGSDRVKLMESLVVGDIAELRPNQGTLSLFTNEAGGILDDLIVTNTSEGHLYVVSNAGCWEKDLALMQDKVRELQNQGRDVGLEVLDNALLALQGPTAAQVLQAGVADDLRKLPFMTSAVMEVFGVSGCRVTRCGYTGEDGVEISVPVAGAVHLATAILKNPEVKLAGLAARDSLRLEAGLCLYGNDNDEHTTPVEGSLSWTLGKRRRAAMDFPGAKVIVPQLKGRVQRRRVGLMCEGAPMRAHSPILNMEGTKIGTVTSGCPSPSLKKNVAMGYVPCEYSRPGTMLLVEVRRKQQMAVVSKMPFVPTNYYTLK,8,Monica,I277N,1
31486,MQRAVSVVARLGFRLQAFPPALCRPLSCAQEVLRRTPLYDFHLAHGGKMVAFAGWSLPVQYRDSHTDSHLHTRQHCSLFDVSHMLQTKILGSDRVKLMESLVVGDIAELRPNQGTLSLFTNEAGGILDDLIVTNTSEGHLYVVSNAGCWEKDLALMQDKVRELQNQGRDVGLEVLDNALLALQGPTAAQVLQAGVADDLRKLPFMTSAVMEVFGVSGCRVTRCGYTGEDGVEISVPVAGAVHLATAILKNPEVKLAGLAARDSLRLEAGLCLYGNDIDEHTTSVEGSLSWTLGKRRRAAMDFPGAKVIVPQLKGRVQRRRVGLMCEGAPMRAHSPILNMEGTKIGTVTSGCPSPSLKKNVAMGYVPCEYSRPGTMLLVEVRRKQQMAVVSKMPFVPTNYYTLK,8,Monica,P283S,1
31487,MQRAVSVVARLGFRLQAFPPALCRPLSCAQEVLRRTPLYDFHLAHGGKMVAFAGWSLPVQYRDSHTDSHLHTRQHCSLFDVSHMLQTKILGSDRVKLMESLVVGDIAELRPNQGTLSLFTNEAGGILDDLIVTNTSEGHLYVVSNAGCWEKDLALMQDKVRELQNQGRDVGLEVLDNALLALQGPTAAQVLQAGVADDLRKLPFMTSAVMEVFGVSGCRVTRCGYTGEDGVEISVPVAGAVHLATAILKNPEVKLAGLAARDSLRLEAGLCLYGNDIDEHTTPMEGSLSWTLGKRRRAAMDFPGAKVIVPQLKGRVQRRRVGLMCEGAPMRAHSPILNMEGTKIGTVTSGCPSPSLKKNVAMGYVPCEYSRPGTMLLVEVRRKQQMAVVSKMPFVPTNYYTLK,8,Monica,V284M,1
31488,MQRAVSVVARLGFRLQAFPPALCRPLSCAQEVLRRTPLYDFHLAHGGKMVAFAGWSLPVQYRDSHTDSHLHTRQHCSLFDVSHMLQTKILGSDRVKLMESLVVGDIAELRPNQGTLSLFTNEAGGILDDLIVTNTSEGHLYVVSNAGCWEKDLALMQDKVRELQNQGRDVGLEVLDNALLALQGPTAAQVLQAGVADDLRKLPFMTSAVMEVFGVSGCRVTRCGYTGEDGVEISVPVAGAVHLATAILKNPEVKLAGLAARDSLRLEAGLCLYGNDIDEHTTPVESSLSWTLGKRRRAAMDFPGAKVIVPQLKGRVQRRRVGLMCEGAPMRAHSPILNMEGTKIGTVTSGCPSPSLKKNVAMGYVPCEYSRPGTMLLVEVRRKQQMAVVSKMPFVPTNYYTLK,8,Monica,G286S,0
31489,MQRAVSVVARLGFRLQAFPPALCRPLSCAQEVLRRTPLYDFHLAHGGKMVAFAGWSLPVQYRDSHTDSHLHTRQHCSLFDVSHMLQTKILGSDRVKLMESLVVGDIAELRPNQGTLSLFTNEAGGILDDLIVTNTSEGHLYVVSNAGCWEKDLALMQDKVRELQNQGRDVGLEVLDNALLALQGPTAAQVLQAGVADDLRKLPFMTSAVMEVFGVSGCRVTRCGYTGEDGVEISVPVAGAVHLATAILKNPEVKLAGLAARDSLRLEAGLCLYGNDIDEHTTPVEDSLSWTLGKRRRAAMDFPGAKVIVPQLKGRVQRRRVGLMCEGAPMRAHSPILNMEGTKIGTVTSGCPSPSLKKNVAMGYVPCEYSRPGTMLLVEVRRKQQMAVVSKMPFVPTNYYTLK,8,Monica,G286D,1
31490,MQRAVSVVARLGFRLQAFPPALCRPLSCAQEVLRRTPLYDFHLAHGGKMVAFAGWSLPVQYRDSHTDSHLHTRQHCSLFDVSHMLQTKILGSDRVKLMESLVVGDIAELRPNQGTLSLFTNEAGGILDDLIVTNTSEGHLYVVSNAGCWEKDLALMQDKVRELQNQGRDVGLEVLDNALLALQGPTAAQVLQAGVADDLRKLPFMTSAVMEVFGVSGCRVTRCGYTGEDGVEISVPVAGAVHLATAILKNPEVKLAGLAARDSLRLEAGLCLYGNDIDEHTTPVEGSLSWTLGKCRRAAMDFPGAKVIVPQLKGRVQRRRVGLMCEGAPMRAHSPILNMEGTKIGTVTSGCPSPSLKKNVAMGYVPCEYSRPGTMLLVEVRRKQQMAVVSKMPFVPTNYYTLK,8,Monica,R295C,1
31491,MQRAVSVVARLGFRLQAFPPALCRPLSCAQEVLRRTPLYDFHLAHGGKMVAFAGWSLPVQYRDSHTDSHLHTRQHCSLFDVSHMLQTKILGSDRVKLMESLVVGDIAELRPNQGTLSLFTNEAGGILDDLIVTNTSEGHLYVVSNAGCWEKDLALMQDKVRELQNQGRDVGLEVLDNALLALQGPTAAQVLQAGVADDLRKLPFMTSAVMEVFGVSGCRVTRCGYTGEDGVEISVPVAGAVHLATAILKNPEVKLAGLAARDSLRLEAGLCLYGNDIDEHTTPVEGSLSWTLGKRHRAAMDFPGAKVIVPQLKGRVQRRRVGLMCEGAPMRAHSPILNMEGTKIGTVTSGCPSPSLKKNVAMGYVPCEYSRPGTMLLVEVRRKQQMAVVSKMPFVPTNYYTLK,8,Monica,R296H,1
31492,MQRAVSVVARLGFRLQAFPPALCRPLSCAQEVLRRTPLYDFHLAHGGKMVAFAGWSLPVQYRDSHTDSHLHTRQHCSLFDVSHMLQTKILGSDRVKLMESLVVGDIAELRPNQGTLSLFTNEAGGILDDLIVTNTSEGHLYVVSNAGCWEKDLALMQDKVRELQNQGRDVGLEVLDNALLALQGPTAAQVLQAGVADDLRKLPFMTSAVMEVFGVSGCRVTRCGYTGEDGVEISVPVAGAVHLATAILKNPEVKLAGLAARDSLRLEAGLCLYGNDIDEHTTPVEGSLSWTLGKRLRAAMDFPGAKVIVPQLKGRVQRRRVGLMCEGAPMRAHSPILNMEGTKIGTVTSGCPSPSLKKNVAMGYVPCEYSRPGTMLLVEVRRKQQMAVVSKMPFVPTNYYTLK,8,Monica,R296L,1
31493,MQRAVSVVARLGFRLQAFPPALCRPLSCAQEVLRRTPLYDFHLAHGGKMVAFAGWSLPVQYRDSHTDSHLHTRQHCSLFDVSHMLQTKILGSDRVKLMESLVVGDIAELRPNQGTLSLFTNEAGGILDDLIVTNTSEGHLYVVSNAGCWEKDLALMQDKVRELQNQGRDVGLEVLDNALLALQGPTAAQVLQAGVADDLRKLPFMTSAVMEVFGVSGCRVTRCGYTGEDGVEISVPVAGAVHLATAILKNPEVKLAGLAARDSLRLEAGLCLYGNDIDEHTTPVEGSLSWTLGKRCRAAMDFPGAKVIVPQLKGRVQRRRVGLMCEGAPMRAHSPILNMEGTKIGTVTSGCPSPSLKKNVAMGYVPCEYSRPGTMLLVEVRRKQQMAVVSKMPFVPTNYYTLK,8,Monica,R296C,1
31494,MQRAVSVVARLGFRLQAFPPALCRPLSCAQEVLRRTPLYDFHLAHGGKMVAFAGWSLPVQYRDSHTDSHLHTRQHCSLFDVSHMLQTKILGSDRVKLMESLVVGDIAELRPNQGTLSLFTNEAGGILDDLIVTNTSEGHLYVVSNAGCWEKDLALMQDKVRELQNQGRDVGLEVLDNALLALQGPTAAQVLQAGVADDLRKLPFMTSAVMEVFGVSGCRVTRCGYTGEDGVEISVPVAGAVHLATAILKNPEVKLAGLAARDSLRLEAGLCLYGNDIDEHTTPVEGSLSWTLGKRRQAAMDFPGAKVIVPQLKGRVQRRRVGLMCEGAPMRAHSPILNMEGTKIGTVTSGCPSPSLKKNVAMGYVPCEYSRPGTMLLVEVRRKQQMAVVSKMPFVPTNYYTLK,8,Monica,R297Q,1
31495,MQRAVSVVARLGFRLQAFPPALCRPLSCAQEVLRRTPLYDFHLAHGGKMVAFAGWSLPVQYRDSHTDSHLHTRQHCSLFDVSHMLQTKILGSDRVKLMESLVVGDIAELRPNQGTLSLFTNEAGGILDDLIVTNTSEGHLYVVSNAGCWEKDLALMQDKVRELQNQGRDVGLEVLDNALLALQGPTAAQVLQAGVADDLRKLPFMTSAVMEVFGVSGCRVTRCGYTGEDGVEISVPVAGAVHLATAILKNPEVKLAGLAARDSLRLEAGLCLYGNDIDEHTTPVEGSLSWTLGKRRRTAMDFPGAKVIVPQLKGRVQRRRVGLMCEGAPMRAHSPILNMEGTKIGTVTSGCPSPSLKKNVAMGYVPCEYSRPGTMLLVEVRRKQQMAVVSKMPFVPTNYYTLK,8,Monica,A298T,0
31496,MQRAVSVVARLGFRLQAFPPALCRPLSCAQEVLRRTPLYDFHLAHGGKMVAFAGWSLPVQYRDSHTDSHLHTRQHCSLFDVSHMLQTKILGSDRVKLMESLVVGDIAELRPNQGTLSLFTNEAGGILDDLIVTNTSEGHLYVVSNAGCWEKDLALMQDKVRELQNQGRDVGLEVLDNALLALQGPTAAQVLQAGVADDLRKLPFMTSAVMEVFGVSGCRVTRCGYTGEDGVEISVPVAGAVHLATAILKNPEVKLAGLAARDSLRLEAGLCLYGNDIDEHTTPVEGSLSWTLGKRRRAAVDFPGAKVIVPQLKGRVQRRRVGLMCEGAPMRAHSPILNMEGTKIGTVTSGCPSPSLKKNVAMGYVPCEYSRPGTMLLVEVRRKQQMAVVSKMPFVPTNYYTLK,8,Monica,M300V,0
31497,MQRAVSVVARLGFRLQAFPPALCRPLSCAQEVLRRTPLYDFHLAHGGKMVAFAGWSLPVQYRDSHTDSHLHTRQHCSLFDVSHMLQTKILGSDRVKLMESLVVGDIAELRPNQGTLSLFTNEAGGILDDLIVTNTSEGHLYVVSNAGCWEKDLALMQDKVRELQNQGRDVGLEVLDNALLALQGPTAAQVLQAGVADDLRKLPFMTSAVMEVFGVSGCRVTRCGYTGEDGVEISVPVAGAVHLATAILKNPEVKLAGLAARDSLRLEAGLCLYGNDIDEHTTPVEGSLSWTLGKRRRAAMDFPEAKVIVPQLKGRVQRRRVGLMCEGAPMRAHSPILNMEGTKIGTVTSGCPSPSLKKNVAMGYVPCEYSRPGTMLLVEVRRKQQMAVVSKMPFVPTNYYTLK,8,Monica,G304E,1
31498,MQRAVSVVARLGFRLQAFPPALCRPLSCAQEVLRRTPLYDFHLAHGGKMVAFAGWSLPVQYRDSHTDSHLHTRQHCSLFDVSHMLQTKILGSDRVKLMESLVVGDIAELRPNQGTLSLFTNEAGGILDDLIVTNTSEGHLYVVSNAGCWEKDLALMQDKVRELQNQGRDVGLEVLDNALLALQGPTAAQVLQAGVADDLRKLPFMTSAVMEVFGVSGCRVTRCGYTGEDGVEISVPVAGAVHLATAILKNPEVKLAGLAARDSLRLEAGLCLYGNDIDEHTTPVEGSLSWTLGKRRRAAMDFPGAKVIVPQLKGKVQRRRVGLMCEGAPMRAHSPILNMEGTKIGTVTSGCPSPSLKKNVAMGYVPCEYSRPGTMLLVEVRRKQQMAVVSKMPFVPTNYYTLK,8,Monica,R315K,1
31499,MQRAVSVVARLGFRLQAFPPALCRPLSCAQEVLRRTPLYDFHLAHGGKMVAFAGWSLPVQYRDSHTDSHLHTRQHCSLFDVSHMLQTKILGSDRVKLMESLVVGDIAELRPNQGTLSLFTNEAGGILDDLIVTNTSEGHLYVVSNAGCWEKDLALMQDKVRELQNQGRDVGLEVLDNALLALQGPTAAQVLQAGVADDLRKLPFMTSAVMEVFGVSGCRVTRCGYTGEDGVEISVPVAGAVHLATAILKNPEVKLAGLAARDSLRLEAGLCLYGNDIDEHTTPVEGSLSWTLGKRRRAAMDFPGAKVIVPQLKGRVRRRRVGLMCEGAPMRAHSPILNMEGTKIGTVTSGCPSPSLKKNVAMGYVPCEYSRPGTMLLVEVRRKQQMAVVSKMPFVPTNYYTLK,8,Monica,Q317R,0
31500,MQRAVSVVARLGFRLQAFPPALCRPLSCAQEVLRRTPLYDFHLAHGGKMVAFAGWSLPVQYRDSHTDSHLHTRQHCSLFDVSHMLQTKILGSDRVKLMESLVVGDIAELRPNQGTLSLFTNEAGGILDDLIVTNTSEGHLYVVSNAGCWEKDLALMQDKVRELQNQGRDVGLEVLDNALLALQGPTAAQVLQAGVADDLRKLPFMTSAVMEVFGVSGCRVTRCGYTGEDGVEISVPVAGAVHLATAILKNPEVKLAGLAARDSLRLEAGLCLYGNDIDEHTTPVEGSLSWTLGKRRRAAMDFPGAKVIVPQLKGRVQQRRVGLMCEGAPMRAHSPILNMEGTKIGTVTSGCPSPSLKKNVAMGYVPCEYSRPGTMLLVEVRRKQQMAVVSKMPFVPTNYYTLK,8,Monica,R318Q,0
31501,MQRAVSVVARLGFRLQAFPPALCRPLSCAQEVLRRTPLYDFHLAHGGKMVAFAGWSLPVQYRDSHTDSHLHTRQHCSLFDVSHMLQTKILGSDRVKLMESLVVGDIAELRPNQGTLSLFTNEAGGILDDLIVTNTSEGHLYVVSNAGCWEKDLALMQDKVRELQNQGRDVGLEVLDNALLALQGPTAAQVLQAGVADDLRKLPFMTSAVMEVFGVSGCRVTRCGYTGEDGVEISVPVAGAVHLATAILKNPEVKLAGLAARDSLRLEAGLCLYGNDIDEHTTPVEGSLSWTLGKRRRAAMDFPGAKVIVPQLKGRVQWRRVGLMCEGAPMRAHSPILNMEGTKIGTVTSGCPSPSLKKNVAMGYVPCEYSRPGTMLLVEVRRKQQMAVVSKMPFVPTNYYTLK,8,Monica,R318W,1
31502,MQRAVSVVARLGFRLQAFPPALCRPLSCAQEVLRRTPLYDFHLAHGGKMVAFAGWSLPVQYRDSHTDSHLHTRQHCSLFDVSHMLQTKILGSDRVKLMESLVVGDIAELRPNQGTLSLFTNEAGGILDDLIVTNTSEGHLYVVSNAGCWEKDLALMQDKVRELQNQGRDVGLEVLDNALLALQGPTAAQVLQAGVADDLRKLPFMTSAVMEVFGVSGCRVTRCGYTGEDGVEISVPVAGAVHLATAILKNPEVKLAGLAARDSLRLEAGLCLYGNDIDEHTTPVEGSLSWTLGKRRRAAMDFPGAKVIVPQLKGRVQRRHVGLMCEGAPMRAHSPILNMEGTKIGTVTSGCPSPSLKKNVAMGYVPCEYSRPGTMLLVEVRRKQQMAVVSKMPFVPTNYYTLK,8,Monica,R320H,1
31503,MQRAVSVVARLGFRLQAFPPALCRPLSCAQEVLRRTPLYDFHLAHGGKMVAFAGWSLPVQYRDSHTDSHLHTRQHCSLFDVSHMLQTKILGSDRVKLMESLVVGDIAELRPNQGTLSLFTNEAGGILDDLIVTNTSEGHLYVVSNAGCWEKDLALMQDKVRELQNQGRDVGLEVLDNALLALQGPTAAQVLQAGVADDLRKLPFMTSAVMEVFGVSGCRVTRCGYTGEDGVEISVPVAGAVHLATAILKNPEVKLAGLAARDSLRLEAGLCLYGNDIDEHTTPVEGSLSWTLGKRRRAAMDFPGAKVIVPQLKGRVQRRLVGLMCEGAPMRAHSPILNMEGTKIGTVTSGCPSPSLKKNVAMGYVPCEYSRPGTMLLVEVRRKQQMAVVSKMPFVPTNYYTLK,8,Monica,R320L,1
31504,MQRAVSVVARLGFRLQAFPPALCRPLSCAQEVLRRTPLYDFHLAHGGKMVAFAGWSLPVQYRDSHTDSHLHTRQHCSLFDVSHMLQTKILGSDRVKLMESLVVGDIAELRPNQGTLSLFTNEAGGILDDLIVTNTSEGHLYVVSNAGCWEKDLALMQDKVRELQNQGRDVGLEVLDNALLALQGPTAAQVLQAGVADDLRKLPFMTSAVMEVFGVSGCRVTRCGYTGEDGVEISVPVAGAVHLATAILKNPEVKLAGLAARDSLRLEAGLCLYGNDIDEHTTPVEGSLSWTLGKRRRAAMDFPGAKVIVPQLKGRVQRRCVGLMCEGAPMRAHSPILNMEGTKIGTVTSGCPSPSLKKNVAMGYVPCEYSRPGTMLLVEVRRKQQMAVVSKMPFVPTNYYTLK,8,Monica,R320C,1
31505,MQRAVSVVARLGFRLQAFPPALCRPLSCAQEVLRRTPLYDFHLAHGGKMVAFAGWSLPVQYRDSHTDSHLHTRQHCSLFDVSHMLQTKILGSDRVKLMESLVVGDIAELRPNQGTLSLFTNEAGGILDDLIVTNTSEGHLYVVSNAGCWEKDLALMQDKVRELQNQGRDVGLEVLDNALLALQGPTAAQVLQAGVADDLRKLPFMTSAVMEVFGVSGCRVTRCGYTGEDGVEISVPVAGAVHLATAILKNPEVKLAGLAARDSLRLEAGLCLYGNDIDEHTTPVEGSLSWTLGKRRRAAMDFPGAKVIVPQLKGRVQRRRAGLMCEGAPMRAHSPILNMEGTKIGTVTSGCPSPSLKKNVAMGYVPCEYSRPGTMLLVEVRRKQQMAVVSKMPFVPTNYYTLK,8,Monica,V321A,1
31506,MQRAVSVVARLGFRLQAFPPALCRPLSCAQEVLRRTPLYDFHLAHGGKMVAFAGWSLPVQYRDSHTDSHLHTRQHCSLFDVSHMLQTKILGSDRVKLMESLVVGDIAELRPNQGTLSLFTNEAGGILDDLIVTNTSEGHLYVVSNAGCWEKDLALMQDKVRELQNQGRDVGLEVLDNALLALQGPTAAQVLQAGVADDLRKLPFMTSAVMEVFGVSGCRVTRCGYTGEDGVEISVPVAGAVHLATAILKNPEVKLAGLAARDSLRLEAGLCLYGNDIDEHTTPVEGSLSWTLGKRRRAAMDFPGAKVIVPQLKGRVQRRRMGLMCEGAPMRAHSPILNMEGTKIGTVTSGCPSPSLKKNVAMGYVPCEYSRPGTMLLVEVRRKQQMAVVSKMPFVPTNYYTLK,8,Monica,V321M,1
31507,MQRAVSVVARLGFRLQAFPPALCRPLSCAQEVLRRTPLYDFHLAHGGKMVAFAGWSLPVQYRDSHTDSHLHTRQHCSLFDVSHMLQTKILGSDRVKLMESLVVGDIAELRPNQGTLSLFTNEAGGILDDLIVTNTSEGHLYVVSNAGCWEKDLALMQDKVRELQNQGRDVGLEVLDNALLALQGPTAAQVLQAGVADDLRKLPFMTSAVMEVFGVSGCRVTRCGYTGEDGVEISVPVAGAVHLATAILKNPEVKLAGLAARDSLRLEAGLCLYGNDIDEHTTPVEGSLSWTLGKRRRAAMDFPGAKVIVPQLKGRVQRRRVGLICEGAPMRAHSPILNMEGTKIGTVTSGCPSPSLKKNVAMGYVPCEYSRPGTMLLVEVRRKQQMAVVSKMPFVPTNYYTLK,8,Monica,M324I,0
31508,MQRAVSVVARLGFRLQAFPPALCRPLSCAQEVLRRTPLYDFHLAHGGKMVAFAGWSLPVQYRDSHTDSHLHTRQHCSLFDVSHMLQTKILGSDRVKLMESLVVGDIAELRPNQGTLSLFTNEAGGILDDLIVTNTSEGHLYVVSNAGCWEKDLALMQDKVRELQNQGRDVGLEVLDNALLALQGPTAAQVLQAGVADDLRKLPFMTSAVMEVFGVSGCRVTRCGYTGEDGVEISVPVAGAVHLATAILKNPEVKLAGLAARDSLRLEAGLCLYGNDIDEHTTPVEGSLSWTLGKRRRAAMDFPGAKVIVPQLKGRVQRRRVGLMCEGTPMRAHSPILNMEGTKIGTVTSGCPSPSLKKNVAMGYVPCEYSRPGTMLLVEVRRKQQMAVVSKMPFVPTNYYTLK,8,Monica,A328T,0
31509,MQRAVSVVARLGFRLQAFPPALCRPLSCAQEVLRRTPLYDFHLAHGGKMVAFAGWSLPVQYRDSHTDSHLHTRQHCSLFDVSHMLQTKILGSDRVKLMESLVVGDIAELRPNQGTLSLFTNEAGGILDDLIVTNTSEGHLYVVSNAGCWEKDLALMQDKVRELQNQGRDVGLEVLDNALLALQGPTAAQVLQAGVADDLRKLPFMTSAVMEVFGVSGCRVTRCGYTGEDGVEISVPVAGAVHLATAILKNPEVKLAGLAARDSLRLEAGLCLYGNDIDEHTTPVEGSLSWTLGKRRRAAMDFPGAKVIVPQLKGRVQRRRVGLMCEGAPMQAHSPILNMEGTKIGTVTSGCPSPSLKKNVAMGYVPCEYSRPGTMLLVEVRRKQQMAVVSKMPFVPTNYYTLK,8,Monica,R331Q,1
31510,MQRAVSVVARLGFRLQAFPPALCRPLSCAQEVLRRTPLYDFHLAHGGKMVAFAGWSLPVQYRDSHTDSHLHTRQHCSLFDVSHMLQTKILGSDRVKLMESLVVGDIAELRPNQGTLSLFTNEAGGILDDLIVTNTSEGHLYVVSNAGCWEKDLALMQDKVRELQNQGRDVGLEVLDNALLALQGPTAAQVLQAGVADDLRKLPFMTSAVMEVFGVSGCRVTRCGYTGEDGVEISVPVAGAVHLATAILKNPEVKLAGLAARDSLRLEAGLCLYGNDIDEHTTPVEGSLSWTLGKRRRAAMDFPGAKVIVPQLKGRVQRRRVGLMCEGAPMRAHIPILNMEGTKIGTVTSGCPSPSLKKNVAMGYVPCEYSRPGTMLLVEVRRKQQMAVVSKMPFVPTNYYTLK,8,Monica,S334I,0
31511,MQRAVSVVARLGFRLQAFPPALCRPLSCAQEVLRRTPLYDFHLAHGGKMVAFAGWSLPVQYRDSHTDSHLHTRQHCSLFDVSHMLQTKILGSDRVKLMESLVVGDIAELRPNQGTLSLFTNEAGGILDDLIVTNTSEGHLYVVSNAGCWEKDLALMQDKVRELQNQGRDVGLEVLDNALLALQGPTAAQVLQAGVADDLRKLPFMTSAVMEVFGVSGCRVTRCGYTGEDGVEISVPVAGAVHLATAILKNPEVKLAGLAARDSLRLEAGLCLYGNDIDEHTTPVEGSLSWTLGKRRRAAMDFPGAKVIVPQLKGRVQRRRVGLMCEGAPMRAHSPILNMESTKIGTVTSGCPSPSLKKNVAMGYVPCEYSRPGTMLLVEVRRKQQMAVVSKMPFVPTNYYTLK,8,Monica,G341S,1
31512,MQRAVSVVARLGFRLQAFPPALCRPLSCAQEVLRRTPLYDFHLAHGGKMVAFAGWSLPVQYRDSHTDSHLHTRQHCSLFDVSHMLQTKILGSDRVKLMESLVVGDIAELRPNQGTLSLFTNEAGGILDDLIVTNTSEGHLYVVSNAGCWEKDLALMQDKVRELQNQGRDVGLEVLDNALLALQGPTAAQVLQAGVADDLRKLPFMTSAVMEVFGVSGCRVTRCGYTGEDGVEISVPVAGAVHLATAILKNPEVKLAGLAARDSLRLEAGLCLYGNDIDEHTTPVEGSLSWTLGKRRRAAMDFPGAKVIVPQLKGRVQRRRVGLMCEGAPMRAHSPILNMEGTKFGTVTSGCPSPSLKKNVAMGYVPCEYSRPGTMLLVEVRRKQQMAVVSKMPFVPTNYYTLK,8,Monica,I344F,1
31513,MQRAVSVVARLGFRLQAFPPALCRPLSCAQEVLRRTPLYDFHLAHGGKMVAFAGWSLPVQYRDSHTDSHLHTRQHCSLFDVSHMLQTKILGSDRVKLMESLVVGDIAELRPNQGTLSLFTNEAGGILDDLIVTNTSEGHLYVVSNAGCWEKDLALMQDKVRELQNQGRDVGLEVLDNALLALQGPTAAQVLQAGVADDLRKLPFMTSAVMEVFGVSGCRVTRCGYTGEDGVEISVPVAGAVHLATAILKNPEVKLAGLAARDSLRLEAGLCLYGNDIDEHTTPVEGSLSWTLGKRRRAAMDFPGAKVIVPQLKGRVQRRRVGLMCEGAPMRAHSPILNMEGTKIGTVTSGCPYPSLKKNVAMGYVPCEYSRPGTMLLVEVRRKQQMAVVSKMPFVPTNYYTLK,8,Monica,S353Y,1
31514,MQRAVSVVARLGFRLQAFPPALCRPLSCAQEVLRRTPLYDFHLAHGGKMVAFAGWSLPVQYRDSHTDSHLHTRQHCSLFDVSHMLQTKILGSDRVKLMESLVVGDIAELRPNQGTLSLFTNEAGGILDDLIVTNTSEGHLYVVSNAGCWEKDLALMQDKVRELQNQGRDVGLEVLDNALLALQGPTAAQVLQAGVADDLRKLPFMTSAVMEVFGVSGCRVTRCGYTGEDGVEISVPVAGAVHLATAILKNPEVKLAGLAARDSLRLEAGLCLYGNDIDEHTTPVEGSLSWTLGKRRRAAMDFPGAKVIVPQLKGRVQRRRVGLMCEGAPMRAHSPILNMEGTKIGTVTSGCPSPSLKKTVAMGYVPCEYSRPGTMLLVEVRRKQQMAVVSKMPFVPTNYYTLK,8,Monica,N359T,1
31515,MQRAVSVVARLGFRLQAFPPALCRPLSCAQEVLRRTPLYDFHLAHGGKMVAFAGWSLPVQYRDSHTDSHLHTRQHCSLFDVSHMLQTKILGSDRVKLMESLVVGDIAELRPNQGTLSLFTNEAGGILDDLIVTNTSEGHLYVVSNAGCWEKDLALMQDKVRELQNQGRDVGLEVLDNALLALQGPTAAQVLQAGVADDLRKLPFMTSAVMEVFGVSGCRVTRCGYTGEDGVEISVPVAGAVHLATAILKNPEVKLAGLAARDSLRLEAGLCLYGNDIDEHTTPVEGSLSWTLGKRRRAAMDFPGAKVIVPQLKGRVQRRRVGLMCEGAPMRAHSPILNMEGTKIGTVTSGCPSPSLKKNVVMGYVPCEYSRPGTMLLVEVRRKQQMAVVSKMPFVPTNYYTLK,8,Monica,A361V,1
31516,MQRAVSVVARLGFRLQAFPPALCRPLSCAQEVLRRTPLYDFHLAHGGKMVAFAGWSLPVQYRDSHTDSHLHTRQHCSLFDVSHMLQTKILGSDRVKLMESLVVGDIAELRPNQGTLSLFTNEAGGILDDLIVTNTSEGHLYVVSNAGCWEKDLALMQDKVRELQNQGRDVGLEVLDNALLALQGPTAAQVLQAGVADDLRKLPFMTSAVMEVFGVSGCRVTRCGYTGEDGVEISVPVAGAVHLATAILKNPEVKLAGLAARDSLRLEAGLCLYGNDIDEHTTPVEGSLSWTLGKRRRAAMDFPGAKVIVPQLKGRVQRRRVGLMCEGAPMRAHSPILNMEGTKIGTVTSGCPSPSLKKNVAMRYVPCEYSRPGTMLLVEVRRKQQMAVVSKMPFVPTNYYTLK,8,Monica,G363R,1
31517,MQRAVSVVARLGFRLQAFPPALCRPLSCAQEVLRRTPLYDFHLAHGGKMVAFAGWSLPVQYRDSHTDSHLHTRQHCSLFDVSHMLQTKILGSDRVKLMESLVVGDIAELRPNQGTLSLFTNEAGGILDDLIVTNTSEGHLYVVSNAGCWEKDLALMQDKVRELQNQGRDVGLEVLDNALLALQGPTAAQVLQAGVADDLRKLPFMTSAVMEVFGVSGCRVTRCGYTGEDGVEISVPVAGAVHLATAILKNPEVKLAGLAARDSLRLEAGLCLYGNDIDEHTTPVEGSLSWTLGKRRRAAMDFPGAKVIVPQLKGRVQRRRVGLMCEGAPMRAHSPILNMEGTKIGTVTSGCPSPSLKKNVAMGYVLCEYSRPGTMLLVEVRRKQQMAVVSKMPFVPTNYYTLK,8,Monica,P366L,0
31518,MQRAVSVVARLGFRLQAFPPALCRPLSCAQEVLRRTPLYDFHLAHGGKMVAFAGWSLPVQYRDSHTDSHLHTRQHCSLFDVSHMLQTKILGSDRVKLMESLVVGDIAELRPNQGTLSLFTNEAGGILDDLIVTNTSEGHLYVVSNAGCWEKDLALMQDKVRELQNQGRDVGLEVLDNALLALQGPTAAQVLQAGVADDLRKLPFMTSAVMEVFGVSGCRVTRCGYTGEDGVEISVPVAGAVHLATAILKNPEVKLAGLAARDSLRLEAGLCLYGNDIDEHTTPVEGSLSWTLGKRRRAAMDFPGAKVIVPQLKGRVQRRRVGLMCEGAPMRAHSPILNMEGTKIGTVTSGCPSPSLKKNVAMGYVPCEYSCPGTMLLVEVRRKQQMAVVSKMPFVPTNYYTLK,8,Monica,R371C,1
31519,MQRAVSVVARLGFRLQAFPPALCRPLSCAQEVLRRTPLYDFHLAHGGKMVAFAGWSLPVQYRDSHTDSHLHTRQHCSLFDVSHMLQTKILGSDRVKLMESLVVGDIAELRPNQGTLSLFTNEAGGILDDLIVTNTSEGHLYVVSNAGCWEKDLALMQDKVRELQNQGRDVGLEVLDNALLALQGPTAAQVLQAGVADDLRKLPFMTSAVMEVFGVSGCRVTRCGYTGEDGVEISVPVAGAVHLATAILKNPEVKLAGLAARDSLRLEAGLCLYGNDIDEHTTPVEGSLSWTLGKRRRAAMDFPGAKVIVPQLKGRVQRRRVGLMCEGAPMRAHSPILNMEGTKIGTVTSGCPSPSLKKNVAMGYVPCEYSHPGTMLLVEVRRKQQMAVVSKMPFVPTNYYTLK,8,Monica,R371H,1
31520,MQRAVSVVARLGFRLQAFPPALCRPLSCAQEVLRRTPLYDFHLAHGGKMVAFAGWSLPVQYRDSHTDSHLHTRQHCSLFDVSHMLQTKILGSDRVKLMESLVVGDIAELRPNQGTLSLFTNEAGGILDDLIVTNTSEGHLYVVSNAGCWEKDLALMQDKVRELQNQGRDVGLEVLDNALLALQGPTAAQVLQAGVADDLRKLPFMTSAVMEVFGVSGCRVTRCGYTGEDGVEISVPVAGAVHLATAILKNPEVKLAGLAARDSLRLEAGLCLYGNDIDEHTTPVEGSLSWTLGKRRRAAMDFPGAKVIVPQLKGRVQRRRVGLMCEGAPMRAHSPILNMEGTKIGTVTSGCPSPSLKKNVAMGYVPCEYSRPGTMLLVAVRRKQQMAVVSKMPFVPTNYYTLK,8,Monica,E379A,0
31521,MQRAVSVVARLGFRLQAFPPALCRPLSCAQEVLRRTPLYDFHLAHGGKMVAFAGWSLPVQYRDSHTDSHLHTRQHCSLFDVSHMLQTKILGSDRVKLMESLVVGDIAELRPNQGTLSLFTNEAGGILDDLIVTNTSEGHLYVVSNAGCWEKDLALMQDKVRELQNQGRDVGLEVLDNALLALQGPTAAQVLQAGVADDLRKLPFMTSAVMEVFGVSGCRVTRCGYTGEDGVEISVPVAGAVHLATAILKNPEVKLAGLAARDSLRLEAGLCLYGNDIDEHTTPVEGSLSWTLGKRRRAAMDFPGAKVIVPQLKGRVQRRRVGLMCEGAPMRAHSPILNMEGTKIGTVTSGCPSPSLKKNVAMGYVPCEYSRPGTMLLVEMRRKQQMAVVSKMPFVPTNYYTLK,8,Monica,V380M,1
31522,MQRAVSVVARLGFRLQAFPPALCRPLSCAQEVLRRTPLYDFHLAHGGKMVAFAGWSLPVQYRDSHTDSHLHTRQHCSLFDVSHMLQTKILGSDRVKLMESLVVGDIAELRPNQGTLSLFTNEAGGILDDLIVTNTSEGHLYVVSNAGCWEKDLALMQDKVRELQNQGRDVGLEVLDNALLALQGPTAAQVLQAGVADDLRKLPFMTSAVMEVFGVSGCRVTRCGYTGEDGVEISVPVAGAVHLATAILKNPEVKLAGLAARDSLRLEAGLCLYGNDIDEHTTPVEGSLSWTLGKRRRAAMDFPGAKVIVPQLKGRVQRRRVGLMCEGAPMRAHSPILNMEGTKIGTVTSGCPSPSLKKNVAMGYVPCEYSRPGTMLLVEVWRKQQMAVVSKMPFVPTNYYTLK,8,Monica,R381W,1
31523,MQRAVSVVARLGFRLQAFPPALCRPLSCAQEVLRRTPLYDFHLAHGGKMVAFAGWSLPVQYRDSHTDSHLHTRQHCSLFDVSHMLQTKILGSDRVKLMESLVVGDIAELRPNQGTLSLFTNEAGGILDDLIVTNTSEGHLYVVSNAGCWEKDLALMQDKVRELQNQGRDVGLEVLDNALLALQGPTAAQVLQAGVADDLRKLPFMTSAVMEVFGVSGCRVTRCGYTGEDGVEISVPVAGAVHLATAILKNPEVKLAGLAARDSLRLEAGLCLYGNDIDEHTTPVEGSLSWTLGKRRRAAMDFPGAKVIVPQLKGRVQRRRVGLMCEGAPMRAHSPILNMEGTKIGTVTSGCPSPSLKKNVAMGYVPCEYSRPGTMLLVEVRQKQQMAVVSKMPFVPTNYYTLK,8,Monica,R382Q,0
31524,MQRAVSVVARLGFRLQAFPPALCRPLSCAQEVLRRTPLYDFHLAHGGKMVAFAGWSLPVQYRDSHTDSHLHTRQHCSLFDVSHMLQTKILGSDRVKLMESLVVGDIAELRPNQGTLSLFTNEAGGILDDLIVTNTSEGHLYVVSNAGCWEKDLALMQDKVRELQNQGRDVGLEVLDNALLALQGPTAAQVLQAGVADDLRKLPFMTSAVMEVFGVSGCRVTRCGYTGEDGVEISVPVAGAVHLATAILKNPEVKLAGLAARDSLRLEAGLCLYGNDIDEHTTPVEGSLSWTLGKRRRAAMDFPGAKVIVPQLKGRVQRRRVGLMCEGAPMRAHSPILNMEGTKIGTVTSGCPSPSLKKNVAMGYVPCEYSRPGTMLLVEVRRKQQTAVVSKMPFVPTNYYTLK,8,Monica,M386T,0
31525,MQRAVSVVARLGFRLQAFPPALCRPLSCAQEVLRRTPLYDFHLAHGGKMVAFAGWSLPVQYRDSHTDSHLHTRQHCSLFDVSHMLQTKILGSDRVKLMESLVVGDIAELRPNQGTLSLFTNEAGGILDDLIVTNTSEGHLYVVSNAGCWEKDLALMQDKVRELQNQGRDVGLEVLDNALLALQGPTAAQVLQAGVADDLRKLPFMTSAVMEVFGVSGCRVTRCGYTGEDGVEISVPVAGAVHLATAILKNPEVKLAGLAARDSLRLEAGLCLYGNDIDEHTTPVEGSLSWTLGKRRRAAMDFPGAKVIVPQLKGRVQRRRVGLMCEGAPMRAHSPILNMEGTKIGTVTSGCPSPSLKKNVAMGYVPCEYSRPGTMLLVEVRRKQQMAVVSKMPFVPKNYYTLK,8,Monica,T397K,1
31526,MQRAVSVVARLGFRLQAFPPALCRPLSCAQEVLRRTPLYDFHLAHGGKMVAFAGWSLPVQYRDSHTDSHLHTRQHCSLFDVSHMLQTKILGSDRVKLMESLVVGDIAELRPNQGTLSLFTNEAGGILDDLIVTNTSEGHLYVVSNAGCWEKDLALMQDKVRELQNQGRDVGLEVLDNALLALQGPTAAQVLQAGVADDLRKLPFMTSAVMEVFGVSGCRVTRCGYTGEDGVEISVPVAGAVHLATAILKNPEVKLAGLAARDSLRLEAGLCLYGNDIDEHTTPVEGSLSWTLGKRRRAAMDFPGAKVIVPQLKGRVQRRRVGLMCEGAPMRAHSPILNMEGTKIGTVTSGCPSPSLKKNVAMGYVPCEYSRPGTMLLVEVRRKQQMAVVSKMPFVPTNYCTLK,8,Monica,Y400C,1
31527,MQRAVSVVARLGFRLQAFPPALCRPLSCAQEVLRRTPLYDFHLAHGGKMVAFAGWSLPVQYRDSHTDSHLHTRQHCSLFDVSHMLQTKILGSDRVKLMESLVVGDIAELRPNQGTLSLFTNEAGGILDDLIVTNTSEGHLYVVSNAGCWEKDLALMQDKVRELQNQGRDVGLEVLDNALLALQGPTAAQVLQAGVADDLRKLPFMTSAVMEVFGVSGCRVTRCGYTGEDGVEISVPVAGAVHLATAILKNPEVKLAGLAARDSLRLEAGLCLYGNDIDEHTTPVEGSLSWTLGKRRRAAMDFPGAKVIVPQLKGRVQRRRVGLMCEGAPMRAHSPILNMEGTKIGTVTSGCPSPSLKKNVAMGYVPCEYSRPGTMLLVEVRRKQQMAVVSKMPFVPTNYYTLK,8,Monica,TEST,0
